month,side,lim_cnt,mkt_cnt,lim_fee,mkt_fee,slip,fund_d,pnl
2023-05,롱,1,1,1.61023264,4.0255816,0.0,1.2641131340320002,183.45185413154832
2023-05,롱,1,1,1.6397726563391137,4.099431640847785,27.728871035511766,0.0,-13.189651962347853
2023-05,롱,1,1,1.6376488155291125,4.094122038822781,152.0362557508072,0.353814026595064,9.042047899598401
2023-05,롱,2,0,3.2782095911903,0.0,0.0,0.0,-145.70274748504926
2023-05,숏,1,1,1.6156432636213398,4.03910815905335,47.72024773617442,-0.0,27.536842455954684
2023-05,숏,1,1,1.6200773358738514,4.050193339684628,77.75179908895963,-0.38760350260781806,-36.991259727037686
2023-05,숏,1,1,1.6141208824931321,4.0353022062328305,110.54149393486607,-0.0,33.416853901153445
2023-05,숏,1,1,1.619501773380907,4.048754433452268,182.17835280244967,-0.43605085248280945,-10.206809183559017
2023-05,숏,1,1,1.6178582396511452,4.044645599127863,194.99814406872528,-0.13873134405008622,-20.61074224978438
2023-05,숏,1,1,1.614539430660622,4.036348576651555,52.89105648268233,-0.28553129831233154,-9.961864746732317
2023-05,숏,1,1,1.6129353386835767,4.032338346708942,112.59894006488716,0.12709930468826647,-15.182374684434762
2023-05,숏,1,1,1.610490623156618,4.026226557891545,70.27972809951272,-0.6973424398268142,14.20261755177853
2023-05,숏,1,1,1.6127775749921491,4.0319439374803725,136.50953052664207,-0.8063887874960732,-5.771725952947236
2023-05,숏,1,1,1.6118481928402921,4.02962048210073,44.72070169770874,-0.0,-12.935064233763114
2023-05,숏,1,1,1.609765346577322,4.024413366443305,97.66356781707746,-0.38441196476266437,-22.625202200692
2023-05,숏,1,1,1.6061221626703064,4.015305406675766,130.16935317790802,-0.8030610813351517,9.57843900714397
2023-05,숏,1,1,1.6076645141832617,4.019161285458154,90.13785223047319,-0.8038322570916294,14.02215420797802
2023-05,숏,1,1,1.6099224072221416,4.0248060180553535,134.7064104363204,-0.3986972841485624,24.719574029275464
2023-05,숏,2,0,3.2278056674340503,0.0,0.0,-0.8069514168585147,-71.76917838916415
2023-05,롱,1,1,1.6023463263582036,4.005865815895509,87.73089485615942,0.4956858360589129,29.497956094448455
2023-05,롱,1,1,1.6070961835298607,4.017740458824651,64.38842355723098,0.18835167270969622,-10.425801485038392
2023-05,롱,1,1,1.6054173869449238,4.013543467362309,247.818746682195,0.1682477421518314,-122.24911247975615
2023-06,롱,1,1,1.5857324358323301,3.9643310895808255,2.5353614270816687,0.7346698375211155,25.558251856311472
2023-06,롱,1,1,1.5898479089683675,3.974619772420919,18.584260288140804,0.7949239544841858,25.468026105440003
2023-06,숏,1,1,1.5939488536595028,3.9848721341487567,269.29061265197186,-0.7969744268297534,-16.08441690552536
2023-06,숏,1,1,1.5913588883498382,3.9783972208745957,42.47482867477101,-0.5241936178224361,13.900735338105733
2023-06,숏,1,1,1.5935972301259802,3.98399307531495,40.85024052488163,-0.6933741548278152,-19.879119102230106
2023-06,숏,1,1,1.5903962294826943,3.975990573706736,31.09870818136936,-0.24372822216822387,-0.5737842542566796
2023-06,숏,1,1,1.5903038368692421,3.975759592173105,106.8725965849435,-0.4914038855925948,-35.250738587121305
2023-06,숏,1,1,1.584627647883533,3.961569119708832,36.09619008253408,-0.19316611027700314,-6.26031599711132
2023-06,숏,1,1,1.5836195913680067,3.9590489784200167,34.52771503683178,0.25852589829083017,17.86951364143897
2023-06,숏,1,1,1.5864969987806437,3.966242496951609,118.26906916985313,-0.061952707802380866,10.25477185910131
2023-06,숏,2,0,3.1762965112339434,0.0,0.0,-0.7835923493214162,-67.46860183513127
2023-06,롱,1,1,1.5772842411319623,3.943210602829906,43.68411447183328,0.5044943645260581,5.456859800407983
2023-06,롱,1,1,1.5781629225082145,3.9454073062705364,0.0,1.2858082411135696,246.9879292768328
2023-06,롱,1,1,1.6179337250489714,4.044834312622428,165.9504781228461,0.8089668625244807,-84.7459860841791
2023-06,롱,1,1,1.6042876497587981,4.010719124396995,80.0517079285095,0.8021438248793942,61.57708921059748
2023-06,롱,1,1,1.6142029936511078,4.035507484127769,110.24093120303517,0.807101496825549,-18.19231516405307
2023-06,롱,1,1,1.6112736076836751,4.028184019209188,38.00498145245966,0.8056368038418327,27.065784688871645
2023-06,롱,1,1,1.6156318286769986,4.039079571692496,111.98277613669858,0.5310581820861285,29.887104623185223
2023-07,롱,1,1,1.6204443478149333,4.051110869537333,66.19252803098973,0.8102221739074618,27.17180108111461
2023-07,롱,1,1,1.624819639913773,4.062049099784433,298.3770533090333,0.056706205432992145,-104.38053070613205
2023-07,롱,1,1,1.6080119461614195,4.020029865403549,197.90502119974389,0.3393709212373745,24.591856323193497
2023-07,롱,1,1,1.6119718071343994,4.029929517835998,237.28669555141323,-0.589417491278688,6.607742403599332
2023-07,롱,1,1,1.613035807383898,4.032589518459745,25.318034150373617,0.5063319399378066,-10.929358390842026
2023-07,롱,1,1,1.6112759264223788,4.028189816055947,108.55175111279348,0.5044099287665208,-79.59360953866235
2023-07,숏,1,1,1.5984595036209217,3.9961487590523044,71.27845297176765,-0.0,18.597317811621906
2023-07,숏,1,1,1.6014541044365944,4.003635261091486,38.25868994020505,-0.4454444591490325,16.661021483525474
2023-07,숏,1,1,1.604136916497446,4.010342291243615,51.63690865548291,-0.17605402658559266,1.2552764981064684
2023-07,숏,1,1,1.6043390452163935,4.010847613040983,38.60667351571551,-0.751793276588404,-2.3039053716092894
2023-07,숏,1,1,1.6039680628535098,4.009920157133775,0.0,-0.80198403142675,64.0065309570382
2023-07,숏,1,1,1.6142746033855293,4.035686508463823,68.00899189567063,-0.7628254638298241,-2.877456495501974
2023-07,숏,1,1,1.6138112659486055,4.034528164871514,78.04454514593118,-0.30904485742917026,-0.16747679872605659
2023-07,숏,1,1,1.6137842982878303,4.034460745719576,32.779285669062766,-0.8068921491439103,0.7060336498889228
2023-07,숏,1,1,1.6138979861306293,4.034744965326573,18.538228086594586,-0.1911662164571716,-25.989256339047643
2023-07,숏,1,1,1.609713111245983,4.024282778114958,58.319973292803944,-0.5925353962496458,-8.843972877089982
2023-08,숏,1,1,1.6082890258665867,4.020722564666467,161.78101789183694,-0.8041445129332885,0.6839284421748744
2023-08,숏,1,1,1.6083991542566882,4.02099788564172,14.677908662015799,-0.8041995771283391,-22.21962341041217
2023-08,숏,1,1,1.6048212779702926,4.012053194925731,16.590218039675236,-0.615368719037715,-2.5660530738532543
2023-08,숏,1,1,1.6044080837287438,4.011020209321859,70.70135849619622,-0.7328936126472794,2.2962333919294906
2023-08,롱,1,1,1.6047778307244178,4.011944576811045,117.91143673444526,1.604777830724408,-16.955323293981564
2023-08,롱,1,1,1.6020476292254457,4.005119073063614,54.68275071250375,0.801023814612718,-13.900864896575513
2023-08,롱,1,1,1.5998092665873762,3.9995231664684403,27.762082731838422,0.7999046332936832,-10.32010300161528
2023-08,롱,1,1,1.5981474899172399,3.9953687247930993,15.704781152230266,0.799073744958615,-7.631234829728783
2023-08,롱,1,1,1.5969186835766065,3.9922967089415162,37.45875497047525,0.7984593417882984,5.603341463340257
2023-08,숏,1,1,1.59782095190834,3.99455237977085,80.43150488012175,0.24518562507033384,0.18798274418259098
2023-08,숏,1,1,1.597851221503384,3.99462805375846,38.232577558047225,0.22345949332723777,-19.119458106511956
2023-08,숏,1,1,1.5947725439531621,3.9869313598829055,181.40337765884004,0.22502240595178272,5.25457275826011
2023-08,숏,1,1,1.5956186524096228,3.9890466310240567,20.116486959034727,0.031513468385082816,4.623076040013984
2023-08,숏,1,1,1.596363075203306,3.990907688008265,54.0032769948617,-0.42686748630934895,-39.15686098495098
2023-08,롱,1,1,1.5900579096395149,3.975144774098787,128.67406537683402,0.23127392295705929,41.56341534018975
2023-09,숏,1,1,1.59675058644058,3.99187646610145,97.1740931895173,-0.3863338043892891,-8.947976714811375
2023-09,숏,1,1,1.595309754023765,3.9882743850594125,23.211105258685784,-0.21456916191619513,13.547684810831925
2023-09,숏,1,1,1.5974912464516484,3.993728116129121,95.51784659807991,-0.3059195736955028,-21.79993790687513
2023-09,숏,1,1,1.593980949294886,3.984952373237215,102.14125168913077,-0.040805912301955606,0.28221943140124495
2023-09,숏,1,1,1.5940263931888945,3.9850659829722357,12.262472277460759,0.005818196335146389,9.423677068331017
2023-09,숏,1,1,1.595543824429319,3.9888595610732973,56.62131833625007,-0.1454338195967406,-22.75764990735115
2023-09,숏,1,1,1.591879313360268,3.97969828340067,195.9876356052679,-0.03669281817294338,-4.571355600441166
2023-09,롱,1,1,1.5911432187605803,3.9778580469014506,49.59629593555414,-0.10986843925541422,59.50937234744379
2023-09,롱,1,1,1.600725612134557,4.0018140303363925,47.54180699540178,0.09140143245289575,21.02277048421638
2023-09,롱,1,1,1.6041107672562485,4.0102769181406215,0.0,-0.4968733101576357,111.01407396568356
2023-09,롱,1,1,1.6219866157961402,4.0549665394903505,82.2875225778412,-0.0023518805929045043,-22.54225666795719
2023-09,롱,1,1,1.6183567880495402,4.04589197012385,158.6804344085443,-0.005016906042951854,-5.939353485111496
2023-09,롱,1,1,1.6174004139653178,4.0435010349132945,17.902360781514766,0.12583375220651197,13.542378778342027
2023-09,롱,1,1,1.6195810519985305,4.048952629996326,9.880160844876057,0.2337865248559902,-10.857060526399437
2023-09,숏,1,1,1.6178328126751242,4.044582031687811,19.80762227666115,-0.5909134348295738,14.815437888451925
2023-09,숏,1,1,1.620218442841512,4.05054610710378,39.25235974675249,0.09842827040261348,24.69518078067449
2023-09,숏,1,1,1.6241949414558863,4.060487353639715,64.36038146503785,-0.0547353695270764,-28.75948986946605
2023-09,롱,1,1,1.61956399452613,4.048909986315325,66.46354454490441,0.05206898242402894,-5.4224250688785105
2023-10,롱,1,1,1.6186908579427437,4.046727144856859,179.95929999976994,0.1349178830095267,-10.242915755568902
2023-10,롱,1,1,1.617041510214905,4.042603775537263,163.62297392706682,0.487618867405312,50.90791206956965
2023-10,롱,1,1,1.625238868379772,4.06309717094943,73.56772467084356,-0.0898757094214033,45.44830983407155
2023-10,롱,1,1,1.6325571035725375,4.081392758931344,24.17283197597353,0.17337756439939334,-4.176130085039404
2023-10,롱,1,1,1.6318846494753558,4.0797116236883895,24.806713012239626,0.3257241760352716,4.40638598716032
2023-10,롱,1,1,1.6325941801294523,4.081485450323631,58.8718532325845,0.5182670224820896,14.628821045016593
2023-10,롱,2,0,3.2698995212851854,0.0,0.0,0.4837816341741346,-112.04916009751469
2023-10,숏,1,1,1.6169072391552324,4.042268097888081,3.638258230397906,-0.1880463119137587,34.09677925602591
2023-10,숏,1,1,1.622397613842925,4.055994034607313,23.63774979535481,-0.1793560562103256,16.713218295568367
2023-10,숏,2,0,3.2501776616096443,0.0,0.0,-0.0,-182.56340718112733
2023-10,롱,1,1,1.5956918750935558,3.9892296877338898,112.00279896440081,-0.08201856237981993,24.29492875349024
2023-10,롱,1,1,1.5996039238200903,3.999009809550226,86.94376718760984,-0.04990764242319566,33.15821537968077
2023-10,롱,1,1,1.6049431678889416,4.012357919722354,86.77751997747221,0.24996989839870765,-20.650627167731727
2023-10,롱,1,1,1.6016179364987464,4.004044841246866,127.20121662295315,0.8008089682493683,-2.9326572336776735
2023-10,롱,1,1,1.6011457104587863,4.0028642761469655,3.251430968628581,0.8005728552293883,7.417740053608213
2023-10,롱,1,1,1.6023401391737218,4.005850347934304,111.43530911301801,0.801170069586856,-61.235054397491695
2023-11,롱,1,1,1.5924798708434202,3.9811996771085507,164.45736136273914,0.7962399354217052,-53.50376350616898
2023-11,롱,1,1,1.5838645202073727,3.959661300518432,129.4498595593113,0.7919322601036816,-72.42289904179052
2023-11,롱,1,1,1.5722027486153212,3.9305068715383027,12.038970184272545,0.7861013743076558,-14.243731914944874
2023-11,롱,1,1,1.569909176410836,3.9247729410270895,20.164241988140574,0.7849545882054132,-0.919827145515228
2023-11,롱,1,1,1.569761062841549,3.924402657103873,194.15356198661522,0.7848805314207697,22.227398941557112
2023-11,롱,1,1,1.5733401911693488,3.933350477923372,29.27133317896314,1.8476520534997372,28.838111139220928
2023-11,롱,1,1,1.5779837979525808,3.944959494881452,145.68440258069916,1.3714257188005734,-84.12586924653624
2023-11,롱,1,1,1.5644375758996665,3.911093939749166,177.05532443212633,1.2804139339950902,-87.03819066950928
2023-11,롱,1,1,1.5504224023454078,3.876056005863519,173.34635214119731,0.775211201172726,79.13507274286712
2023-11,롱,1,1,1.5631649900553415,3.907912475138354,46.714455379672096,1.5631649900553863,116.0707602654893
2023-11,롱,1,1,1.5818550827282523,3.9546377068206304,40.7084667719674,0.7909275413641487,-25.46086430403375
2023-11,롱,2,0,3.155510582507511,0.0,0.0,0.0,-262.39955727958477
2023-11,롱,1,1,1.535502858068442,3.8387571451711047,76.03389480393642,0.7677514290342429,-29.94467940524919
2023-11,롱,1,1,1.530681068051175,3.826702670127938,93.9696010456298,0.7653405340256095,-21.717184988197914
2023-11,롱,1,1,1.5271840960394838,3.817960240098709,55.04017886981205,0.7635920480197637,-4.54244595943419
2023-11,롱,1,1,1.526452656564552,3.81613164141138,86.39311128730428,0.7632263282822979,-4.800485104005929
2023-12,롱,1,1,1.5256796667843215,3.8141991669608037,147.31085558785486,0.7628398333921826,-73.57058054726622
2023-12,롱,1,1,1.5138330917702258,3.7845827294255647,149.09370661220416,0.7569165458851346,54.35286501130213
2023-12,숏,1,1,1.5225851675020972,3.806462918755243,80.00610950248156,-0.7612925837510703,44.45614252242558
2023-12,숏,1,1,1.5297436406759073,3.824359101689768,245.9577309250497,-0.7648718203379755,-21.01566792367521
2023-12,숏,1,1,1.526359629231697,3.8158990730792426,148.07512271426918,-0.7631798146158704,35.006026131979525
2023-12,숏,1,1,1.5319964138191375,3.829991034547844,15.599150912092057,-0.7659982069095908,63.716916519033475
2023-12,숏,1,1,1.542256319689048,3.85564079922262,0.0,-1.0298416574723857,20.89163268768425
2023-12,숏,1,1,1.545620358574708,3.8640508964367695,232.15244257733585,-0.772810179287376,22.300092529178073
2023-12,롱,1,1,1.5492111922612581,3.8730279806531454,21.466458319074288,1.2614452132987224,58.66753684401556
2023-12,롱,1,1,1.5586580305347217,3.8966450763368043,61.83743617070403,1.953466109669165,35.190404829487306
2023-12,롱,1,1,1.5643245043818472,3.9108112609546177,29.23800249456046,1.5431279073474946,-14.243936673377902
2023-12,롱,1,1,1.5620308992064906,3.9050772480162266,68.90640025896866,0.7810154496032676,11.419964911858187
2023-12,롱,2,0,3.127739558462727,0.0,0.0,2.3113213402149806,-48.10287100649657
2023-12,숏,1,1,1.5561240979341264,3.8903102448353164,157.44318070389096,-2.513451642983175,-24.70678950896945
2023-12,숏,1,1,1.5521457300444312,3.880364325111078,80.77508755769955,-2.1617509655194,-1.553578461987854
2023-12,숏,1,1,1.5518955677696018,3.8797389194240046,143.9780176497087,-2.6069517695177495,-24.169006381447616
2024-01,롱,1,1,1.5480037954744243,3.8700094886860605,97.11221070324672,1.3253234494954391,-44.88507600516823
2024-01,롱,1,1,1.540776254031184,3.85194063507796,113.36375881100969,0.7703881270156141,7.830505753614489
2024-01,롱,1,1,1.5420371476264019,3.8550928690660045,0.0,1.5420371476264458,526.8492598380308
2024-01,롱,1,1,1.6268721350815056,4.067180337703764,160.15082709456988,0.8134360675407761,-127.90543039442127
2024-01,롱,1,1,1.6062763851960713,4.015690962990178,25.482513646943055,0.8031381925980586,42.17647071157262
2024-01,롱,1,1,1.613067778174049,4.032669445435122,310.0795684252337,0.8065338890870476,-47.46320966053827
2024-01,숏,1,1,1.605425097234593,4.013562743086482,149.85128094739773,-0.8027125486173194,-71.04272398689682
2024-01,숏,1,1,1.5939855659347717,3.984963914836929,145.20870121253785,-0.0,3.1264249608593673
2024-01,숏,1,1,1.5944889930866204,3.9862224827165504,140.96125484678188,-0.797244496543333,10.431395383664494
2024-01,숏,1,1,1.5961686904193726,3.990421726048431,194.1925176320984,-0.7980843452097091,-37.019016253494556
2024-01,숏,1,1,1.5902077675921655,3.9755194189804137,67.23902605897885,-0.7951038837961055,-37.04045504958049
2024-01,롱,1,1,1.584243392620037,3.9606084815500924,26.326543560548902,0.6574610079373132,18.28402134101634
2024-01,롱,1,1,1.587187545415413,3.9679688635385326,103.62208952991558,0.0,-47.95417844714393
2024-01,롱,1,1,1.5794658070794154,3.9486645176985387,153.54680896863616,0.7897329035397304,-72.48752767465339
2024-02,롱,1,1,1.5677936287739525,3.919484071934881,6.361814281615918,0.5978781003329724,24.742582121371015
2024-02,롱,1,1,1.5717777601069236,3.9294444002673092,49.2213157969491,1.2837494855673812,-12.59654242993929
2024-02,롱,1,1,1.5697494237297402,3.9243735593243505,58.02752178130783,1.4791748819805453,-22.980811930377968
2024-02,롱,1,1,1.566048978383341,3.915122445958352,10.477395100204756,0.7830244891916928,65.94341788255588
2024-02,롱,1,1,1.5766674027701058,3.9416685069252644,64.90547189968605,0.0,9.547735715053932
2024-02,롱,1,1,1.5782048103387532,3.9455120258468828,43.02190694056324,0.7891024051693991,31.23252167256578
2024-02,롱,1,1,1.5832339729214204,3.958084932303551,30.710700715976664,1.5832339729214657,336.16605130861535
2024-02,롱,1,1,1.6373645277491253,4.093411319372813,73.3941986427784,0.8186822638745861,-23.766234712889855
2024-02,롱,1,1,1.6335376110626656,4.083844027656664,124.53526837635657,0.8167688055313562,-80.52453132131086
2024-02,롱,1,1,1.6205712881972378,4.0514282204930945,98.33330333428957,0.8102856440986421,-34.72869604744301
2024-02,롱,1,1,1.6149791602052146,4.037447900513037,39.61887948698881,0.0,133.0812016869204
2024-02,롱,1,1,1.6364083296778849,4.091020824194712,82.52375120506072,0.0,30.727657394445487
2024-02,롱,1,1,1.6413561973666122,4.10339049341653,44.48209668455397,2.1962166598864075,-30.86361576647505
2024-02,롱,1,1,1.6363864372170525,4.090966093042631,68.80865078824627,10.882788000712013,489.1529416932153
2024-02,롱,1,1,1.7151514404836958,4.28787860120924,245.99026629202675,4.572765255473589,3.3694531304063275
2024-03,롱,1,1,1.715694000824649,4.289235002061623,76.37297131748078,3.9690007168076873,-22.719443226664225
2024-03,롱,1,1,1.7120356419200287,4.280089104800071,64.39661468836819,3.8176682779174596,41.631811496690716
2024-03,롱,1,1,1.7187393320934585,4.296848330233646,473.7381767510974,3.1177931484175034,-24.907420852459836
2024-03,롱,1,1,1.7147286578899739,4.2868216447249345,131.45911708949205,1.6404809070033222,23.550642748288737
2024-03,롱,1,1,1.7185208592546013,4.296302148136503,42.38185070074466,16.265284376587108,101.58082460154401
2024-03,롱,1,1,1.7348777351917533,4.337194337979383,44.913506432543876,2.881978893700519,85.85423631380763
2024-03,롱,1,1,1.7487022645512298,4.371755661378074,428.52080818828784,1.2527703023244627,-64.99724548290578
2024-03,숏,1,1,1.7382361959325632,4.345590489831408,245.1647317927371,-2.6592406443474546,-14.676533646781536
2024-03,숏,1,1,1.7358729325805526,4.339682331451382,236.216245770237,-0.9378921454732132,-57.38356601905434
2024-03,숏,1,1,1.726632843480205,4.316582108700513,93.62298577067037,-0.8936188281431896,12.22146795653498
2024-03,숏,1,1,1.7286007841414377,4.321501960353594,184.29745774050858,-0.0,78.69634311240043
2024-03,롱,1,1,1.7412727261742604,4.353181815435651,79.25904302199417,2.503688989329668,66.15205400534433
2024-03,롱,1,1,1.7519247458305052,4.379811864576262,180.98200433519577,2.1193909612684942,-17.432904809526008
2024-03,롱,1,1,1.7491176425970738,4.372794106492685,82.55467096999426,3.488527682277725,47.203976365919516
2024-04,숏,1,1,1.7567185809452932,4.3917964523632325,115.47756431390256,-0.8783592904726717,-17.894977174988526
2024-04,숏,1,1,1.7538370733113708,4.384592683278427,150.40224259686073,-0.8769185366557105,88.75307807330682
2024-04,숏,1,1,1.7681283836327817,4.4203209590819545,233.62617384382696,-0.8840641918164162,10.074795008744331
2024-04,숏,2,0,3.539501320018441,0.0,0.0,-0.8848753300046356,-163.9075757182418
2024-04,롱,1,1,1.7433577271727423,4.358394317931856,255.92865840032997,1.039825716372131,11.570612568137221
2024-04,롱,1,1,1.7452208649749432,4.3630521624373575,115.08572293988075,0.9823848248944043,-53.57923103650501
2024-04,롱,1,1,1.7365933623108347,4.341483405777087,285.6060514979564,0.8682966811554422,24.298439267413414
2024-04,숏,1,1,1.7405059763117796,4.351264940779449,181.77231271978383,-0.8702529881559147,180.73418902026788
2024-04,숏,1,1,1.7696083853442162,4.42402096336054,0.0,-0.5781310594919294,223.38602228026866
2024-04,숏,1,1,1.805578731783762,4.513946829459404,299.79135592331767,-0.0,12.273483544602641
2024-04,숏,1,1,1.807555048164764,4.51888762041191,350.1140860660374,-0.5314211841604202,35.0009584722593
2024-04,숏,1,1,1.8131910167410956,4.5329775418527385,449.24986117739326,-0.2888413289668082,-13.767487801056632
2024-04,숏,2,0,3.621948261836579,0.0,0.0,-0.08131273847828235,-84.15320362353305
2024-04,롱,1,1,1.7974235073947713,4.493558768486928,61.68343363696806,0.029657487871993495,-9.011106474230473
2024-04,롱,1,1,1.7959725096180392,4.489931274045098,256.35646064677655,0.3653906070817542,-27.670530639441495
2024-04,롱,1,1,1.7915169104578643,4.478792276144661,213.0151347571756,0.10211646389605121,-20.78469551148737
2024-04,롱,1,1,1.7881700909453584,4.470425227363395,216.74490590696175,0.8940850454727047,-96.5807332980221
2024-04,숏,1,1,1.7726183460301974,4.431545865075494,74.49717744388097,0.18444093890440755,61.50282901247738
2024-05,숏,1,1,1.7825217323030205,4.4563043307575505,225.32219521602195,0.335470590019477,-7.215242766931624
2024-05,숏,1,1,1.7813599103621367,4.453399775905342,508.810808440555,-0.24075079188541904,-98.77780397189235
2024-05,숏,1,1,1.7654543859558305,4.413635964889576,615.9993949488282,-0.6580731223650936,-104.2356828439406
2024-05,숏,1,1,1.7486700160790305,4.371675040197576,99.38288408034977,-0.05263496748393924,-17.323072181454336
2024-05,숏,1,1,1.745880598453865,4.364701496134662,12.179560763110523,-0.6761795557811943,61.00820456584188
2024-05,숏,1,1,1.7557043386838367,4.3892608467095915,47.78755596453859,-0.22859270489667896,44.35621237779196
2024-05,숏,1,1,1.7628467207795857,4.407116801948964,17.56225839068417,-0.8814233603898181,47.73652632752419
2024-05,숏,1,1,1.7705334120608656,4.426333530152164,96.92490378256927,-0.8734041321696286,69.53913785514305
2024-05,롱,1,1,1.7817308310140467,4.454327077535116,73.8764991321629,0.4139851585861742,47.9850761075395
2024-05,롱,1,1,1.789457544592171,4.4736438614804275,29.476721475493818,0.29874993706961156,-1.9445057584180176
2024-05,롱,1,1,1.789144433928084,4.4728610848202095,53.30836709528411,0.5015866420517856,56.29087840352986
2024-05,롱,1,1,1.7982085749020473,4.495521437255118,159.23810934640562,0.8991042874510494,-16.514182760874974
2024-05,롱,1,1,1.7955494072915987,4.4888735182289965,46.726423196262836,0.897774703645825,38.403316096473645
2024-05,롱,1,1,1.801733234597877,4.504333086494692,254.04439969132457,0.9008666172989642,-85.73420295717915
2024-05,롱,1,1,1.7879280334012733,4.469820083503183,92.63379293067636,0.8939640167006622,-54.80955938973784
2024-05,롱,1,1,1.7791024192499358,4.447756048124839,111.08629813252932,0.8895512096249933,61.94564539209205
2024-05,롱,1,1,1.7890771092615572,4.472692773153892,33.34596188214226,0.8945385546308041,63.0197478062837
2024-05,롱,1,1,1.7992247547497817,4.498061886874455,87.58200604521751,0.8996123773749166,25.959324122186445
2024-06,롱,1,1,1.80340480985117,4.508512024627925,73.1847368900673,0.9017024049256108,-60.33877264665898
2024-06,롱,1,1,1.793688863733851,4.484222159334628,5.816824986014726,0.8968444318668267,-3.8135457205426064
2024-06,롱,1,1,1.793074794154516,4.48268698538629,42.59743335871306,0.8965373970771593,14.23757969221333
2024-06,롱,1,1,1.7953673757080164,4.488418439270041,188.53297759984028,0.8976836878539093,18.019185509740055
2024-06,롱,1,1,1.7982688837734164,4.495672209433541,198.51807834913978,0.8991344418866092,14.018417373659759
2024-06,롱,1,1,1.8005261750950374,4.501315437737593,62.16717776993711,0.9002630875474195,-76.53766337346678
2024-06,숏,1,1,1.7882018307197083,4.470504576799271,167.60526829082968,-0.8941009153597557,-87.57029960737236
2024-06,숏,1,1,1.7741009752474715,4.435252438118678,79.22486435358802,-0.887050487623638,-71.01810894755909
2024-06,숏,1,1,1.762665407541628,4.40666351885407,44.20422582806348,-0.8813327037707168,18.94558403066003
2024-06,숏,1,1,1.7657160873206312,4.414290218301578,13.202571312388228,-0.8828580436602183,7.153385583522322
2024-06,숏,1,1,1.7668679488159404,4.417169872039851,25.564430941144053,-0.8834339744078729,131.75551649904264
2024-06,숏,1,1,1.788083652132622,4.470209130331555,50.15088737967139,-0.6342332714116137,41.44981392392583
2024-06,숏,1,1,1.7947580364628453,4.486895091157113,39.99875743683771,-0.6173070266415123,-30.174792137027907
2024-06,숏,1,1,1.7898991929424197,4.474747982356049,70.48630327994262,-0.8949495964711112,-5.063863911376757
2024-06,숏,1,1,1.7890837930469579,4.472709482617394,306.60760161319763,-0.8945418965233803,-5.662749636710942
2024-06,숏,1,1,1.7881719586172398,4.470429896543099,94.73540582187928,-0.8940859793085213,-31.224619220975
2024-06,숏,1,1,1.7831440685131212,4.457860171282803,86.97306409698595,-0.8915720342564625,-23.966316863245083
2024-07,롱,1,1,1.7792849339457433,4.448212334864358,285.5224501520048,0.8896424669727736,-161.03344946586913
2024-07,롱,2,0,3.50670960459914,0.0,0.0,0.8766774011496884,-62.70715577976625
2024-07,숏,1,1,1.7432574913997556,4.358143728499389,310.64686012312643,-1.5832264536891092,108.96802950579331
2024-07,숏,1,1,1.7608038791824268,4.402009697956067,275.4825140320446,-0.4829004638657381,140.03133116276695
2024-07,숏,1,1,1.7833521811885205,4.4583804529713005,9.73515445228917,-1.4603871011752994,14.716817212254682
2024-07,숏,1,1,1.7857219311317287,4.464304827829322,294.80821621300714,-0.3312514182250439,-79.67103901487826
2024-07,숏,2,0,3.545786080766564,0.0,0.0,-0.7394736871438732,-92.70032615779382
2024-07,롱,1,1,1.7579661312914894,4.394915328228723,0.0,0.2388196989358876,-17.65051634322117
2024-07,롱,1,1,1.7551239875386186,4.387809968846547,41.09831476229569,0.060464021370787796,109.75699261257068
2024-07,롱,1,1,1.7727974167359186,4.431993541839796,97.03172361034314,0.35713003960143647,53.03466814443891
2024-07,롱,1,1,1.781337232105693,4.453343080264233,0.0,0.8137148476259922,-42.8654054531853
2024-07,롱,1,1,1.7744349046069376,4.436087261517344,86.73709769400995,0.41779069828970017,-88.7920912728041
2024-07,롱,1,1,1.7601373122528048,4.400343280632011,168.1347615775705,0.8800686561263054,20.64123021355408
2024-07,롱,1,1,1.7634610305147669,4.408652576286917,136.91017644946723,0.8817305152572863,102.3247523875034
2024-07,롱,1,1,1.7799376961321942,4.449844240330485,159.9327808426222,0.8167244118701774,-47.12410942068345
2024-07,롱,1,1,1.7723496182201828,4.430874045550457,262.2616594368827,0.300944965173783,-12.941500033550255
2024-07,롱,1,1,1.7702657356437241,4.425664339109311,244.4032427850502,0.27111619741386916,47.52512842692522
2024-08,숏,1,1,1.777918386945047,4.444795967362618,115.59215868425818,-0.0,70.70750349469563
2024-08,숏,1,1,1.7893039399470543,4.4732598498676355,557.3703268176002,0.25452848545758644,154.8038311183318
2024-08,숏,1,1,1.8142309581134328,4.535577395283582,759.5045081275953,0.06621942997103028,-101.85277683431923
2024-08,숏,1,1,1.7978302915401074,4.494575728850268,419.62398798451034,-0.29133839874416867,248.11022256151773
2024-08,숏,1,1,1.8377818094087293,4.594454523521823,521.9140255804107,-0.2006857735873891,102.81531406558497
2024-08,숏,1,1,1.8543374668687551,4.635843667171887,548.088581859231,0.12785656834072595,12.688597230218875
2024-08,숏,1,1,1.856380626210346,4.640951565525865,477.55673721072844,0.1706941985801064,113.3645168361345
2024-08,숏,1,1,1.8746349507330835,4.686587376832708,154.57487685174075,-0.5755129298749557,-38.044137714297904
2024-08,숏,1,1,1.8685089595022615,4.6712723987556535,0.0,0.7929952024128475,35.54972253985761
2024-08,숏,1,1,1.8742332918599238,4.68558322964981,194.05823612942214,1.0528505517024158,-52.92956622507518
2024-08,숏,1,1,1.865710400344258,4.664276000860645,274.4327873993361,-0.17836191427301692,-30.928580209691063
2024-08,숏,1,1,1.860730179408008,4.65182544852002,278.73880469494725,-0.3689827945765793,36.85665255099957
2024-08,숏,1,1,1.8666649579018835,4.666662394754709,0.0,-0.0,233.01733636671815
2024-08,롱,1,1,1.9041861699722384,4.7604654249305955,67.24216606689886,-0.14576545131128543,-33.237697269367345
2024-08,롱,1,1,1.8988341274700813,4.747085318675203,227.75229135610311,0.0,-70.89317265496356
2024-08,롱,1,1,1.8874186774138635,4.718546693534659,256.9976831674221,0.16524350520756825,-68.09540878343068
2024-08,롱,2,0,3.752907464856282,0.0,0.0,0.0,-395.851370041315
2024-08,숏,1,1,1.8127124527652168,4.531781131913042,110.03710832937821,-0.08483494278953722,-3.603965724016234
2024-08,숏,1,1,1.8121321304409914,4.5303303261024785,146.6833321791748,0.1584709548071452,-65.64893151032629
2024-09,숏,1,1,1.8015611252110864,4.5039028130277154,207.7698543649166,-0.5625374613470867,-104.01438360093744
2024-09,숏,1,1,1.784812389660715,4.462030974151788,52.77887550299982,-0.804593425259102,138.0476700120471
2024-09,숏,1,1,1.80704127607365,4.517603190184126,47.93260498467986,0.05032609953874412,-43.009384933167894
2024-09,숏,1,1,1.800115764529079,4.500289411322697,62.31892310531186,-0.3370716769080199,-33.07715149500473
2024-09,숏,1,1,1.7947895736315307,4.486973934078827,155.81676346431556,0.6378682144686563,-46.16802011839354
2024-09,숏,1,1,1.7873554483396492,4.468388620849123,351.4680218413178,0.26184757318184687,-92.2763430565501
2024-09,롱,1,1,1.7724968103907,4.43124202597675,115.761446668022,-0.4619126687877175,-10.261764562808821
2024-09,롱,1,1,1.770844427566397,4.427111068915992,19.588415682556473,-0.9865374305972483,87.24865253698954
2024-09,롱,1,1,1.7848934903775049,4.462233725943761,27.47794554422121,-0.04381913518873973,24.85524643291683
2024-09,롱,1,1,1.7888957632856575,4.4722394082141435,157.55803669911268,0.318781225017535,-32.63464732621105
2024-09,롱,1,1,1.783640825853702,4.459102064634255,207.71924957109368,0.760633630185203,-16.220848174280036
2024-09,롱,1,1,1.781028891935831,4.452572229839578,0.0,0.3127486734239283,14.133249672098827
2024-09,롱,1,1,1.7833046739289593,4.458261684822398,109.09330841282784,0.4135483538842373,-42.14893501588267
2024-09,롱,1,1,1.7765177148385782,4.441294287096445,70.6467899070431,0.8219947466558284,-25.357669427950896
2024-09,롱,1,1,1.7724345401398565,4.431086350349641,109.15183306526833,0.12088003563761975,-110.85683923484612
2024-09,롱,1,1,1.7545840100495382,4.386460025123846,105.00369631008752,0.25397603545466896,-8.506722512142005
2024-09,롱,1,1,1.7532142298246909,4.3830355745617275,0.0,0.5475288039741318,72.89914020235301
2024-09,롱,1,1,1.7649526873228671,4.412381718307168,34.304043527519,0.0,15.52242807516268
2024-09,롱,1,1,1.7674521593567352,4.418630398391838,199.2309133749465,0.7015901346567666,-100.37061065043235
2024-10,롱,1,1,1.7512901560201295,4.378225390050324,139.05809982979733,0.8756450780099683,49.591160722111454
2024-10,숏,1,1,1.7592754865851523,4.39818871646288,161.1912256879087,-0.38536929533652364,-112.23511726038487
2024-10,숏,1,1,1.7412030216684629,4.353007554171157,179.59138905931422,-0.09472144437868511,-23.384041017945492
2024-10,숏,1,1,1.7374376470582429,4.343594117645607,174.92620044437024,-0.3972651179998136,-97.08138612850598
2024-10,숏,1,1,1.7218052853901868,4.304513213475467,0.0,-0.04295904187057352,129.79856047627618
2024-10,숏,2,0,3.485411746521156,0.0,0.0,-0.0,-15.662124741982552
2024-10,롱,1,1,1.740183906813449,4.350459767033622,87.18730063202244,0.14252106196811087,-42.17812037253498
2024-10,롱,1,1,1.7333922482016784,4.333480620504196,39.67990876864789,0.47052932577445294,19.616670841485757
2024-10,롱,1,1,1.7365509885693884,4.3413774714234705,37.310325251405764,0.722839348992068,20.10540057590515
2024-10,롱,1,1,1.7397884257941478,4.349471064485369,36.41150988189447,0.8698942128969781,69.46870066982956
2024-10,롱,1,1,1.7509745027218429,4.377436256804607,55.12076506911227,0.8754872513608251,-8.215018418850377
2024-10,롱,1,1,1.7496516936422195,4.374129234105549,176.74420796358916,0.8748258468210134,-45.84965708543132
2024-10,롱,1,1,1.7422688322050426,4.355672080512607,161.95946446681202,0.8711344161024253,-8.380385964028392
2024-10,롱,1,1,1.7409193951035349,4.352298487758837,27.20330820104778,0.8704596975516715,75.24030557573133
2024-10,롱,1,1,1.7530348346916966,4.382587086729242,99.85380139208569,0.8765174173457517,-54.238722285803306
2024-10,롱,1,1,1.744301138594047,4.360752846485117,122.59890154331714,0.0,19.954917852164726
2024-10,롱,1,1,1.7475143445994545,4.368785861498636,58.16045291331382,1.747514344599262,64.60989743613209
2024-11,롱,1,1,1.7579180411713258,4.394795102928314,173.2234047791987,0.878959020585566,101.16539933171407
2024-11,롱,1,1,1.7742080239755815,4.435520059938954,142.39608066195953,0.8871040119876931,17.756789860521167
2024-11,롱,2,0,3.55413456047417,0.0,0.0,0.8885336401184446,-33.25454947809885
2024-11,숏,1,1,1.771712524137272,4.42928131034318,89.24327974843862,-0.8858562620685384,-19.50743266882091
2024-11,롱,1,1,1.7685713736566782,4.421428434141696,0.0,4.396314720635494,343.76457267299156
2024-11,롱,1,1,1.8239254671960485,4.559813667990121,153.57070830862332,0.9119627335979237,-72.90818914179181
2024-11,롱,1,1,1.8121855526081077,4.530463881520269,74.21476611660972,1.4284552618434239,-54.667087411451575
2024-11,롱,1,1,1.8033828797597424,4.508457199399356,0.0,3.286665298362039,36.722830828910446
2024-11,롱,1,1,1.8092961098431335,4.523240274607834,39.19896690612839,1.809296109842934,-18.414377555907777
2024-11,롱,1,1,1.8063309666645528,4.515827416661382,44.37089255883874,2.361597105817061,20.03552653380393
2024-11,롱,1,1,1.8095571525429845,4.523892881357462,290.5120313642784,1.6228108544004538,-55.91059053684512
2024-11,롱,2,0,3.6011084935251487,0.0,0.0,2.6647302574962355,-95.3641519913981
2024-11,숏,1,1,1.7851983997403273,4.462995999350818,223.32735069040035,-1.2787376137340514,27.56421099133695
2024-11,숏,1,1,1.7896368789637371,4.474092197409343,188.25000697787289,-1.051143220859426,-148.8214879239331
2024-11,숏,1,1,1.7656731572248887,4.414182893062222,136.97750321773938,-0.8828365786123471,-6.063257859570513
2024-12,숏,1,1,1.7646968316538671,4.411742079134668,0.0,-2.166694769904669,55.79966958059413
2024-12,숏,1,1,1.7736818765798559,4.43420469144964,272.4199559139158,-2.060486236022797,-129.8761510186032
2024-12,롱,1,1,1.7527687948270834,4.381921987067708,308.7602654185689,1.2825009271749312,29.92939747280434
2024-12,롱,1,1,1.7575881240977078,4.393970310244269,5.909586289064626,1.5449199610819178,16.046072649125563
2024-12,롱,1,1,1.760171915090051,4.400429787725128,190.95268442511042,1.7601719150898572,36.42645662098403
2024-12,롱,1,1,1.7660374220311161,4.4150935550777906,0.0,0.8830187110154608,61.71123427861494
2024-12,롱,1,1,1.7759743664001275,4.4399359160003184,151.22067288322455,0.887987183199966,-23.641009666069294
2024-12,롱,1,1,1.7721676138594415,4.430419034648604,48.24714508214479,0.8860838069296232,6.288343119153069
2024-12,롱,1,1,1.7731801833936396,4.432950458484099,199.50859236149304,0.8865900916967221,-42.36783519577148
2024-12,롱,1,1,1.7663579762818022,4.415894940704506,251.05349925854614,0.8831789881408039,88.61900962643995
2024-12,숏,1,1,1.7806276984642992,4.451569246160748,261.35408424737244,-0.0,80.6479465402681
2024-12,숏,1,1,1.7936138940511104,4.484034735127776,249.5677797869434,-0.8968069470254564,71.0549079262455
2024-12,숏,1,1,1.8050553872486141,4.512638468121535,163.29432888027543,-0.6726538900580997,180.7167382119842
2024-12,숏,1,1,1.8341549862949411,4.585387465737353,104.79265882653583,-0.7348541952591743,-24.95788597289902
2024-12,숏,1,1,1.8301361860330454,4.575340465082613,73.90554515033234,-0.9150680930164219,-27.748783531093068
2025-01,숏,1,1,1.825667986336839,4.5641699658420976,151.80612535951735,-0.9128339931683189,79.21235242606417
2025-01,롱,1,1,1.8384230178736023,4.5960575446840055,21.555252111884936,0.9192115089366999,25.013797868045003
2025-01,롱,1,1,1.8424508212513513,4.606127053128378,406.89258296369053,1.8424508212511483,-72.55613120306771
2025-01,롱,2,0,3.6615351923636417,0.0,0.0,0.9153837980908096,-101.52866099991479
2025-01,숏,1,1,1.814419119798065,4.5360477994951625,269.8491656763653,-0.7328438824864613,-144.81242038301025
2025-01,숏,1,1,1.7911009512002527,4.477752378000631,408.80324541693903,-0.8504147316299251,11.08590813169576
2025-01,숏,2,0,3.5857720806240456,0.0,0.0,-0.0,-186.53692703789238
2025-01,롱,1,1,1.7628492554638513,4.407123138659628,51.58403075391514,0.0,-35.177747843265024
2025-01,롱,1,1,1.75718481968596,4.3929620492148995,44.80651378841935,0.8785924098428832,-11.45880350427069
2025-01,롱,1,1,1.7553396857441677,4.388349214360419,32.820128989991375,0.8776698428719871,99.94845518893635
2025-01,롱,1,1,1.7714337122304478,4.4285842805761195,231.87558628088615,0.8857168561151263,171.08716995499344
2025-01,롱,1,1,1.7989827267651235,4.497456816912809,278.55334460202573,0.7784198258712336,-104.27743731313785
2025-01,롱,1,1,1.7821916334474068,4.455479083618517,216.46541179191414,0.7677681556891587,-120.12874021511925
2025-01,롱,1,1,1.7628481115977601,4.4071202789944,14.731902249458736,0.7441863303109632,7.721855887442871
2025-01,숏,1,1,1.7640915100368937,4.410228775092234,236.17781260675278,-0.8686386595422714,8.716689799859523
2025-01,숏,1,1,1.7654950998797427,4.413737749699357,256.39318607124073,-0.838521897687789,-13.738008029513367
2025-02,숏,1,1,1.7632829609859721,4.40820740246493,314.0251371735927,-0.0,186.81888240657645
2025-02,숏,1,1,1.7933651472079113,4.483412868019778,0.0,-0.5293117231983048,71.95526889288885
2025-02,숏,1,1,1.8049516194670419,4.512379048667604,60.21923647426466,0.37001508199086314,42.41061575012645
2025-02,숏,1,1,1.8117807152433774,4.529451788108443,52.60599822696754,-0.2571822725287001,6.506633052520556
2025-02,숏,1,1,1.8128284345351444,4.532071086337861,140.13823345949652,-0.38232551684348703,1.6899963533833215
2025-02,숏,1,1,1.813100563264114,4.532751408160285,78.80517855376479,0.2217421988872367,109.67048895566586
2025-02,숏,1,1,1.8307600633602314,4.576900158400578,88.28668320936605,-1.292241990722783,155.26406209591187
2025-02,숏,1,1,1.855761189420814,4.639402973552034,90.94774843863226,-1.1694079135135182,-2.6335692706179543
2025-02,숏,1,1,1.8553371235008886,4.638342808752221,137.98782640732986,-0.005102177089516681,-11.979681851838905
2025-02,숏,1,1,1.853408116027424,4.63352029006856,179.72446536464557,-0.6493415334502581,-153.48016920877853
2025-02,숏,1,1,1.8286942382221545,4.571735595555386,192.08607178148912,-0.22127200282489895,-37.502135005759555
2025-02,숏,1,1,1.8226555220365583,4.556638805091396,211.0721103621898,-0.2979130450768926,-25.91380271100752
2025-02,숏,2,0,3.6369655938827594,0.0,0.0,-0.21903625289162906,-34.53083359703851
2025-02,롱,1,1,1.812922529406944,4.53230632351736,170.26996067198533,0.586117853757212,5.959362619898457
2025-02,롱,1,1,1.8138821254273594,4.534705313568399,114.58420450250584,-0.269361495625905,-78.4753286235391
2025-02,롱,2,0,3.6024915437378495,0.0,0.0,0.18462769161662443,-176.43399113327723
2025-02,숏,1,1,1.7728357947360973,4.432089486840243,450.19820623760336,0.0012409850564001595,-86.83696233635601
2025-03,숏,1,1,1.758853023624852,4.39713255906213,381.54089686366893,-0.0,3.337454898182841
2025-03,롱,1,1,1.7593904315060103,4.398476078765026,14.950479664689551,0.0,69.93874895050612
2025-03,롱,1,1,1.7706521971420974,4.426630492855244,651.2228101089077,-0.023903804661368502,112.3092256835771
2025-03,롱,1,1,1.7887365952389795,4.471841488097449,466.9386537539559,0.3678536808108991,-58.17018210203969
2025-03,롱,1,1,1.7793698426494347,4.448424606623586,448.95448023655786,-0.05444871718505801,-281.15793994469277
2025-03,숏,1,1,1.7340968734600244,4.3352421836500605,0.0,-0.3500274539080081,37.60020485381938
2025-03,숏,1,1,1.740151381172655,4.350378452931637,287.5808762028912,-0.05011635977771632,100.02820192734907
2025-03,숏,1,1,1.756258248739048,4.39064562184762,221.55524191733346,0.5299509265568918,69.49814650992812
2025-03,숏,1,1,1.7674490671320267,4.418622667830067,134.28126413396322,-0.09411666282478869,-113.99495205742824
2025-03,숏,1,1,1.7490932278722162,4.372733069680541,58.32730277173591,-0.061480626959631524,92.38435822058636
2025-03,롱,1,1,1.7639692587754403,4.409923146938601,210.30083368100526,0.25013084089440196,21.19372099899192
2025-03,롱,1,1,1.767381940907003,4.418454852267508,184.20914776363261,-0.0162599138563705,3.5981139402447297
2025-03,롱,1,1,1.7679613209579053,4.419903302394763,32.775953219198534,-0.33379109739683305,42.94871144548051
2025-03,롱,1,1,1.7748770626594506,4.437192656648627,39.30071624048032,0.2783007234250733,79.90503487267233
2025-03,롱,1,1,1.7877436321846822,4.469359080461706,66.1163271412953,-0.336095802850709,20.366861245493055
2025-03,롱,2,0,3.582046341319733,0.0,0.0,0.4803524143709197,-65.62328121382416
2025-03,숏,1,1,1.7804562957244268,4.451140739311067,53.81833799171228,-0.40843667423916696,21.415724107449932
2025-03,숏,1,1,1.7839047255211318,4.459761813802829,64.79370614624476,-0.3533023308894198,-6.316284487520534
2025-04,숏,1,1,1.7828876567765988,4.457219141941497,220.87615581557696,-0.0,-14.181864145357395
2025-04,롱,1,1,1.7806040467223088,4.451510116805772,344.04955833330934,0.44853415936924956,-24.89738265883352
2025-04,롱,1,1,1.7765949889015262,4.441487472253815,262.5830625211602,0.3804578168732059,148.53618951772842
2025-04,롱,1,1,1.8005127709597937,4.501281927399484,41.46614216724434,0.019895666119128113,76.8869969502266
2025-04,숏,1,1,1.812893366167877,4.532233415419692,307.6921973006674,-0.3692863786884992,-104.13310099796581
2025-04,숏,1,1,1.7961255143547428,4.4903137858868565,413.9961423533079,-0.010237915431917021,42.1785444591751
2025-04,숏,1,1,1.8029172412543286,4.507293103135821,334.11357909957593,-0.0,-67.46066357955897
2025-04,롱,1,1,1.792054505013142,4.480136262532855,73.89371401407188,0.7269469099586937,91.84317456300778
2025-04,롱,1,1,1.8068433927573992,4.517108481893498,105.95097622148594,0.6248967873852123,78.92228018761307
2025-04,롱,1,1,1.8195517159155312,4.548879289788828,28.467171217581388,0.4742661547534863,12.331233990133114
2025-04,롱,1,1,1.82153733146177,4.553843328654425,6.110497598013865,0.815502263295426,78.79306091317994
2025-04,롱,1,1,1.8342248473105611,4.585562118276402,42.99856268087959,-0.2070839852613098,30.18273473314548
2025-04,롱,1,1,1.8390849697737384,4.597712424434346,44.04654788530475,-0.19908094797811696,39.0922647778043
2025-04,롱,1,1,1.8453797338454125,4.613449334613532,47.89687251940293,0.26342795700632476,30.600646789433085
2025-04,롱,1,1,1.8503071498719583,4.625767874679895,74.46621058123007,-0.03894896550484624,-1.9228642582402244
2025-04,롱,1,1,1.8499975239928674,4.624993809982168,0.0,0.022754969545201776,-11.542749750025905
2025-05,롱,1,1,1.8481388727525832,4.620347181881458,76.99320230178968,-0.1370394974145436,-4.075305480271709
2025-05,롱,1,1,1.847482653762353,4.618706634405882,134.27881533856737,0.298276074449843,-44.11385960104417
2025-05,롱,1,1,1.8403792961017549,4.600948240254387,253.89620350951364,0.1233974318035443,-123.68960385784885
2025-05,롱,2,0,3.640924784731394,0.0,0.0,0.3309600629322025,-86.68759668903294
2025-05,숏,1,1,1.8065036725985135,4.516259181496284,40.587067817759795,-0.1786632132199661,6.1245619383698795
2025-05,숏,1,1,1.8074898695524,4.518724673881,194.17812430122856,0.0022593623370054695,0.95904266308753
2025-05,롱,1,1,1.8076442977323255,4.519110744330814,44.57650275127895,0.8728210491599655,20.069757526771355
2025-05,롱,1,1,1.8108759955969749,4.527189988992437,118.53959911111022,0.26963943574445315,-65.35579488585427
2025-05,롱,1,1,1.8003521921831402,4.500880480457851,27.217573553437983,0.5437063620392024,167.29850602631086
2025-05,롱,1,1,1.8272911436858201,4.56822785921455,0.0,0.800993072834788,-27.767855215588497
2025-05,롱,1,1,1.822819873004727,4.557049682511817,263.9570519877384,0.7850885193032481,-111.17906027560821
2025-05,롱,1,1,1.8049174578306957,4.512293644576739,230.65838107836151,0.4614271480945106,-29.506106252172685
2025-05,롱,1,1,1.8001662882940401,4.5004157207351,83.79498758850993,0.6598509529741183,116.21329783703914
2025-05,롱,1,1,1.8188793328319641,4.54719833207991,34.99130391580914,0.6607988616178723,5.602332396299971
2025-05,롱,1,1,1.8197814386804294,4.549453596701073,85.47708157597337,0.19690035166512643,4.875111532945084
2025-05,롱,1,1,1.8205664450518282,4.55141611262957,128.16231732914312,0.0,-8.837108876035927
2025-06,숏,1,1,1.8191434649362856,4.547858662340714,50.79848004847415,0.05293707482955242,8.362757748014701
2025-06,숏,1,1,1.8204900634849122,4.55122515871228,96.90428669572044,-0.4506623152157137,-48.61878535672622
2025-06,숏,1,1,1.8126613079750566,4.5316532699376415,38.95381014183495,-0.40485790313619857,3.1970977541204775
2025-06,숏,1,1,1.8131761150907522,4.5329402877268805,84.52821113195456,-0.549936315706936,-6.726235555806852
2025-06,숏,1,1,1.8120930346871231,4.530232586717808,64.59961184027208,-0.4027376769592261,66.7952637403796
2025-06,숏,1,1,1.8228486260743402,4.5571215651858505,0.0,-0.0,-45.474856476530476
2025-06,숏,1,1,1.8155261162545577,4.538815290636394,187.90572348488348,0.5342185597078961,1.2544775019359804
2025-06,숏,1,1,1.815728116316534,4.539320290791335,242.42834583706207,-0.5095840958441225,13.954875021136104
2025-06,롱,1,1,1.8179751758411495,4.544937939602874,0.0,1.5401885689725574,33.92705311163445
2025-06,롱,2,0,3.646876441342172,0.0,0.0,0.10922394941815039,-93.47554197309728
2025-06,숏,1,1,1.808386483798409,4.520966209496022,114.99990744630796,-0.34883775272480594,3.460101410792049
2025-06,숏,1,1,1.8089436406213457,4.522359101553364,77.02798078679801,-0.7966587793295536,-51.698074460851785
2025-06,숏,2,0,3.601238095858289,0.0,0.0,-0.0,-145.83809316371298
2025-06,롱,1,1,1.7771357221523871,4.442839305380968,185.878009335513,0.5132367965575209,-92.0898232883701
2025-06,롱,1,1,1.7623071182253105,4.405767795563277,206.05379355021898,0.3141312438236456,2.4777816982496006
2025-06,숏,1,1,1.7627060987218421,4.406765246804605,242.23677727199126,-0.21707725605757466,9.137372851750115
2025-06,숏,2,0,3.528354856645632,0.0,0.0,-0.0,-0.7565948611627391
2025-06,롱,1,1,1.764055598948746,4.410138997371865,67.6714120410375,0.15832399000555125,-47.39491249933235
2025-06,롱,1,1,1.7564239154411092,4.391059788602773,54.093683132418256,0.23386784434098112,9.533783551501983
2025-06,롱,1,1,1.7579590763868416,4.394897690967103,56.80469605140361,0.22475506791607996,16.1160033522483
2025-06,롱,1,1,1.7605541278492554,4.401385319623139,85.60028739895344,0.4333603985701929,-49.93284380339537
2025-07,롱,1,1,1.7525137783592306,4.381284445898077,102.04368327841104,0.09340898438650908,15.332768007518098
2025-07,롱,1,1,1.7549827107099558,4.38745677677489,31.95275886147201,0.090206111330504,-33.511852813326186
2025-07,롱,1,1,1.7495865227872662,4.373966306968166,87.20302094144866,0.09386531694741947,-28.468789674385334
2025-07,롱,1,1,1.7450023853517673,4.3625059633794185,9.385516149403548,1.9114756129141741,342.93693462023293
2025-07,롱,1,1,1.800223209910472,4.50055802477618,33.648861184029485,0.9001116049551369,-13.78239098389895
2025-07,롱,1,1,1.7980039243285204,4.4950098108213,109.80871520028225,0.8990019621641611,-25.567714163238634
2025-07,롱,1,1,1.7938869275409366,4.484717318852341,67.23065098596781,0.0,17.760959934063067
2025-07,롱,1,1,1.7967468552812929,4.491867138203232,120.55219842983448,1.7967468552810948,-10.069708271710624
2025-07,롱,1,1,1.795125397987854,4.487813494969635,16.004482626188388,0.8975626989938281,0.24726859222755593
2025-07,롱,1,1,1.7951652139836591,4.487913034959148,0.0,1.7951652139834615,13.58287514620315
2025-07,롱,1,1,1.7973523728742054,4.493380932185514,0.0,1.7973523728740073,26.642832999739767
2025-07,숏,1,1,1.8016424888060305,4.504106222015076,145.27694904192936,-0.900821244402916,-33.63996963550744
2025-07,숏,1,1,1.79622567109446,4.49056417773615,167.87227767937298,-0.8981128355471311,11.43477396893286
2025-07,숏,1,1,1.79806693572204,4.4951673393051,0.0,-0.8990334678609209,46.32141248511107
2025-07,숏,1,1,1.8055257607534827,4.513814401883707,106.85982975753709,-1.4167960644632065,-69.76853723750719
2025-07,숏,1,1,1.794291403162994,4.485728507907485,102.71538468520367,-1.7942914031627961,8.977412701027788
2025-08,숏,1,1,1.7957369754583885,4.489342438645971,116.32099847899144,-0.6737605131919734,-27.221336300328403
2025-08,숏,1,1,1.791353707036868,4.47838426759217,109.75583281943581,-0.5122375925273044,14.53829780840897
2025-08,숏,1,1,1.793694711202982,4.484236778007455,84.33509179999898,-0.6368513072127104,65.37209439012622
2025-08,숏,1,1,1.8042211392161962,4.51055284804049,82.15568532796996,-0.43689214886109545,36.666568176171495
2025-08,숏,2,0,3.6202506194072037,0.0,0.0,-0.0,-55.77815007942445
2025-08,롱,1,1,1.8011437299179311,4.502859324794827,40.412493979699214,0.0,17.434138277520105
2025-08,롱,1,1,1.8039510317684047,4.509877579421011,139.81045554352173,0.0,13.447869729559898
2025-08,롱,1,1,1.806116451646105,4.515291129115262,217.16003147178927,0.17510298998716223,63.09004147242558
2025-08,롱,1,1,1.8162754160498906,4.540688540124727,319.14733717310224,0.8037018716019981,19.76920921238343
2025-08,숏,1,1,1.8194587186439672,4.548646796609918,5.3850824507678405,-0.0,-13.657549592477153
2025-08,숏,1,1,1.817259535430345,4.5431488385758625,6.8715674204693356,-0.7048241108166504,59.83060426105112
2025-08,숏,1,1,1.8268936546155514,4.567234136538879,123.49247086680273,-0.9134468273076751,102.86860006568531
2025-08,숏,1,1,1.8434578923612386,4.608644730903096,62.67076161689155,-0.6733229951851168,60.999633668045135
2025-08,숏,1,1,1.8532802524772718,4.633200631193179,82.62385706696529,-0.8147946630017606,74.22411833692968
2025-08,숏,1,1,1.8652320622794065,4.663080155698516,173.34092398232147,-0.9039847189836684,26.938355654310726
2025-08,숏,1,1,1.8695697642336564,4.673924410584141,78.46811416723773,-0.7517540021983319,0.1597842218398
2025-08,숏,1,1,1.869595493210593,4.673988733026482,30.673182654884656,-0.44393544986295935,26.680385321813446
2025-09,숏,1,1,1.8738916559398888,4.684729139849722,100.31588940441083,-0.46500621442143614,-36.36046902861199
2025-09,숏,1,1,1.8680367745363307,4.670091936340826,81.72939711178115,-0.8224031899896773,45.273851712130636
2025-09,숏,1,1,1.87532691791287,4.688317294782175,185.42770257644105,-0.5959788945126191,-31.398516355202446
2025-09,숏,1,1,1.870271026324598,4.675677565811495,149.4276625079977,-0.16907250077977778,53.885710725902754
2025-09,숏,2,0,3.7578957586972854,0.0,0.0,-0.7076117713626033,-136.59806878547352
2025-09,롱,1,1,1.8569524124567092,4.642381031141773,124.5435074305074,0.18290981262709147,31.719020845301202
2025-09,롱,1,1,1.8620599127241035,4.655149781810259,56.08384219074981,0.9310299563619493,-47.68187177720574
2025-09,롱,1,1,1.8543820220969083,4.63595505524227,65.02144504239942,0.5382343819136641,21.570458733891428
2025-09,롱,1,1,1.8578553677682168,4.644638419420542,24.28087288088039,0.8790442672596451,59.15764104177288
2025-09,롱,1,1,1.8673811242193035,4.668452810548259,49.41106783080738,0.7639456179182125,-21.718461299296905
2025-09,롱,1,1,1.8638839466918329,4.659709866729583,56.83520678781076,0.2902999246973234,-34.708342878551775
2025-09,롱,1,1,1.8582950960334976,4.645737740083744,91.68981734348286,0.7673829599069725,-64.23287367611738
2025-09,롱,1,1,1.8479521090580693,4.619880272645173,6.488229069105295,0.6441961052175998,-37.661846435550615
2025-09,롱,1,1,1.8418876756167502,4.604719189041876,24.80931796295408,0.45503835026111566,50.14350448733421
2025-09,롱,1,1,1.8499619463776995,4.624904865944249,38.42061439075396,0.0,-7.407097890618388
2025-09,롱,1,1,1.8487692312985846,4.6219230782464615,69.40125214004966,-0.002495838462222231,42.455720709351226
2025-09,롱,1,1,1.8556055900226767,4.639013975056692,20.845205921041906,0.23779585636139403,-21.34371965671562
2025-09,숏,1,1,1.8521687546176517,4.630421886544129,25.70624469500793,-0.0,-28.845734865401027
2025-09,숏,1,1,1.847523920237146,4.6188098005928655,36.52357293440151,0.02032276312268021,64.1503752002991
2025-09,숏,1,1,1.8578536230387228,4.644634057596807,39.69579669624848,0.0009289268115460733,5.796648394023578
2025-09,숏,1,1,1.858787018283389,4.646967545708472,27.740884617575755,-0.4624662101489982,10.452480686461058
2025-09,숏,1,1,1.86047011084042,4.65117527710105,124.36018248114627,-0.0,2.407266546635583
2025-09,롱,1,1,1.8608577367570773,4.652144341892693,0.0,0.2404228195890069,69.32746957162453
2025-10,롱,1,1,1.8720210721923607,4.680052680480902,36.17219170566321,0.9360105360960772,-6.782610730075248
2025-10,롱,1,1,1.8709289140741625,4.677322285185406,0.0,0.8089896624456668,168.62567230718378
2025-10,롱,1,1,1.8980815702232599,4.745203925558149,30.073934049311173,0.5077368200348347,64.42721269074536
2025-10,롱,1,1,1.9084558503011457,4.771139625752864,139.0095961584779,0.07490689212435515,-44.76716272816884
2025-10,숏,1,1,1.901247295638637,4.753118239096592,239.6015778522536,-1.046921823343283,356.2056855506962
2025-10,숏,1,1,1.9586046977813676,4.896511744453419,175.38399220110395,-0.24668626168564414,113.12653358944772
2025-10,숏,1,1,1.976820701464946,4.942051753662365,52.15266116892147,-0.3926954323458912,64.16973107830563
2025-10,숏,1,1,1.987153521013177,4.967883802532943,0.0,0.2984704588562681,-62.2184454922226
2025-10,숏,1,1,1.9771349038390134,4.942837259597534,244.43607835881573,-0.14947139873030207,-87.54609930551305
2025-10,숏,1,1,1.9630379451783717,4.907594862945929,231.30970042530726,0.0017667341505478824,38.97215681175112
2025-10,롱,1,1,1.9693133690733193,4.923283422683299,73.91398247980777,0.0,25.818272956454166
2025-10,롱,1,1,1.9734707116556107,4.933676779139026,141.09420511949048,0.35404064567089955,-33.12648790540152
2025-10,숏,1,1,1.9681365764482264,4.920341441120566,161.05474660917463,-0.9840682882240048,30.304509854193384
2025-11,숏,1,1,1.9730163075388687,4.932540768847171,229.1715800438145,-1.1574700168176657,-24.642417160072
2025-11,숏,1,1,1.9690483050949044,4.92262076273726,199.79593334219484,-1.1716821939467497,54.52760290076003
2025-11,숏,1,1,1.9778285176920807,4.944571294230202,147.79812005154767,-0.7689797276787803,32.027139607833305
2025-11,숏,1,1,1.9829856322483175,4.9574640806207935,237.86723944406035,-0.7292429662593738,35.6176497111519
2025-11,숏,1,1,1.9887209024608161,4.97180225615204,212.57336526678418,0.2759350252163692,-38.24682148650754
2025-11,숏,1,1,1.9825622744274334,4.9564056860685834,41.25536691883802,-0.0,-32.87228798193246
2025-11,숏,1,1,1.9772690713214343,4.943172678303585,0.0,-0.6979759821765058,-14.417002189695268
2025-11,숏,1,1,1.9749475985717546,4.937368996429386,0.0,-0.9874737992857685,66.31362398809324
2025-11,숏,1,1,1.985625634753986,4.9640640868849655,116.2643615577856,-0.744212487905921,116.06275617783649
2025-11,숏,1,1,2.0043144385825773,5.010786096456443,0.0,-0.9018412816403509,488.76554515269345
2025-11,숏,1,1,2.0830170619938038,5.2075426549845085,241.17332677462366,-0.7014559956263487,70.48264581980766
2025-11,숏,1,1,2.0943664076790647,5.235916019197662,452.33513994232214,-0.016021903018740524,-75.22469100462331
2025-11,숏,1,1,2.082253482400109,5.205633706000272,393.06142928711637,0.014575774376641957,67.9594866342104
2025-11,숏,1,1,2.093196540757714,5.232991351894285,105.03842434034024,-0.0,56.71980283956691
2025-11,숏,1,1,2.1023297485443777,5.255824371360943,58.25235915197818,-0.5663676342579199,103.00799419402756
2025-11,롱,1,1,2.118916431987593,5.297291079968982,170.247650646766,-0.20998461841000987,-20.586790259843838
2025-11,롱,1,1,2.115601479824669,5.289003699561673,15.934563931716148,0.6433544100145678,9.144392129894186
2025-12,숏,1,1,2.117073939692721,5.292684849231803,266.8735368450779,-0.2797713211303291,-37.22048447143425
2025-12,롱,1,1,2.1110805757954694,5.2777014394886725,130.497728155718,0.5105648372560501,12.554661251919242
2025-12,롱,1,1,2.1131021683286675,5.282755420821669,270.3712215297352,0.39018431538178894,56.17742662940145
2025-12,롱,1,1,2.1221480409276543,5.305370102319135,66.69828838160369,0.0,-41.60934030860335
2025-12,롱,1,1,2.1154479691382764,5.288619922845691,133.40343451048153,-0.0570113227682132,-117.35832962898712
2025-12,롱,1,1,2.096550547843829,5.241376369609572,0.0,1.2392710288305104,341.44954066089485
2025-12,롱,1,1,2.151531867372347,5.378829668430867,178.72964212651823,0.34478298174647976,-104.96844259316276
2025-12,롱,1,1,2.134629506128999,5.336573765322498,115.39598068474635,0.0,210.05920832258926
2025-12,롱,1,1,2.168453925486358,5.421134813715896,212.51649581065666,0.013119146249208596,17.014361248533532
2025-12,롱,1,1,2.1711936334694726,5.427984083673682,220.71482937961414,0.0,4.999124384263268
2025-12,롱,2,0,4.343997217589937,0.0,0.0,0.0,-35.31147490521471
2025-12,숏,1,1,2.166312639849077,5.415781599622692,192.73238701256048,-0.44290261921701246,-30.445633729135807
2025-12,숏,1,1,2.161410184531463,5.403525461328657,65.04456723625158,-0.0,-14.434504024116904
2025-12,숏,1,1,2.1590858935792783,5.397714733948195,23.10087692595789,-1.4947351641247093,-119.83162639322109
2025-12,숏,1,1,2.139790213967013,5.349475534917533,68.58572316442131,-0.42549728404728204,-40.84059377507947
2025-12,숏,1,1,2.1332139282536517,5.33303482063413,193.35194049699297,-0.4825329905709968,-91.68597395312099
2025-12,숏,1,1,2.1184503534647017,5.2961258836617535,6.928656726967237,-1.059225176732234,54.91351630080317
2025-12,숏,1,1,2.127292707097174,5.318231767742935,100.78543783593078,-0.0,1.4921220669475588
2025-12,숏,1,1,2.12753297346268,5.3188324336567,16.149236400460772,-0.8852664702577676,114.5772394712294
2025-12,숏,1,1,2.145982574542447,5.364956436356118,45.76223466514946,-1.6553036588731465,132.58687691290106
2025-12,숏,2,0,4.334664292453058,0.0,0.0,-0.0,-323.45294686208035
2026-01,롱,1,1,2.1152486969723783,5.2881217424309455,117.86046571575328,0.6961283461735485,-100.31395827498272
2026-01,롱,1,1,2.0990958159861806,5.247739539965452,216.2517138127658,0.6754890335844924,73.42894161176446
2026-01,롱,1,1,2.1109195838365724,5.27729895959143,145.447852137142,0.02300902346371861,-97.81799833220612
2026-01,롱,1,1,2.095168610467174,5.237921526167935,98.8039754739161,0.4939359999175923,-48.4992073463236
2026-01,롱,1,1,2.087359109798856,5.21839777449714,90.25026603191303,0.0,-62.932391099833694
2026-01,롱,1,1,2.0772255307726364,5.19306382693159,163.05444120914822,0.7623417697935704,-24.81646796185487
2026-01,롱,1,1,2.073229502100467,5.183073755251168,107.93142305611798,0.2401836378182254,64.74181333602792
2026-01,롱,1,1,2.083654440201113,5.209136100502782,25.936285643875916,1.0018210548488178,11.066903094109875
2026-01,숏,1,1,2.0854364690596983,5.213591172649246,66.14920346105652,-0.362136042852327,-18.437814478405926
2026-01,숏,1,1,2.0824675519913587,5.206168879978397,97.94006548224904,-0.2509373400149496,108.39311869748235
2026-01,숏,1,1,2.099921365759167,5.249803414397918,169.05679304839455,-0.0,-36.38794730349582
2026-01,숏,1,1,2.094062059714098,5.235155149285245,126.0895084208008,-0.7855873817017827,-1.396817531391207
2026-01,숏,1,1,2.093837139595981,5.234592848989952,0.0,-0.7548282888242633,133.19677075128675
2026-02,숏,1,1,2.115284918376613,5.288212295941532,317.9212780394244,0.2329986337592496,-40.75628443912137
2026-02,숏,1,1,2.108722208427713,5.271805521069283,485.74554436760286,2.4781703393441634,462.875797813751
2026-02,숏,1,1,2.1832559802182874,5.458139950545719,855.8605697750403,-0.0,212.2320824929484
2026-02,숏,1,1,2.217430282866819,5.543575707167048,145.08964638048496,0.1915859764397863,-74.89420781408808
2026-02,숏,1,1,2.2053705730699003,5.513426432674751,420.14845818164656,0.34117082765399154,3.501750260771587
2026-02,숏,1,1,2.205934436326603,5.514836090816507,229.47383349627404,0.2615135274266303,148.69037351240877
2026-02,숏,1,1,2.22987704559495,5.574692613987375,195.06376441285798,-0.0,-153.48681100967406
2026-02,숏,1,1,2.205162098305221,5.5129052457630525,33.35391927650678,-0.3973702101144596,205.84578621471883
2026-02,숏,1,1,2.2383080586821613,5.595770146705403,106.23811078686988,-0.3620463284916891,88.89142380165504
2026-02,숏,1,1,2.2526216458843114,5.631554114710778,305.3432586889346,-0.0037168257156284246,-55.426190779866374
2026-03,숏,1,1,2.2436967397338505,5.609241849334626,265.46346437461347,-0.5118994111701765,131.88064372095687
2026-03,숏,1,1,2.2649325914442198,5.662331478610549,252.98406746756322,0.02106387310034544,92.06006325491762
2026-03,롱,1,1,2.279756403313573,5.699391008283933,250.92998139473767,0.1925254282597359,39.938424291469346
2026-03,롱,1,1,2.2861874187520024,5.715468546880007,604.349559324376,-0.34990098443983947,-267.73545390498293
2026-03,롱,1,1,2.2430757820757004,5.607689455189251,583.5108564305967,0.3953421065906928,3.462518144533533
2026-03,롱,1,1,2.243633328048993,5.6090833201224815,679.1476101585365,-0.5043687721455319,-13.863568818109343
2026-03,롱,1,1,2.241400970947212,5.6035024273680305,70.13138092443582,0.0,-22.3461004198125
2026-03,숏,1,1,2.237802728919942,5.594506822299856,420.83824784399724,-0.13762486782849667,-14.321238737444219
2026-03,숏,1,1,2.2354966763139155,5.588741690784788,366.31860993967325,1.041070802159296,37.64910783082087
2026-03,숏,1,1,2.241559058543522,5.6038976463588055,28.79921434570221,0.8744321887379621,122.73670641176614
2026-03,롱,1,1,2.2613225236225545,5.653306309056386,300.22910266248005,0.0,-13.83845800497511
2026-03,롱,1,1,2.2590942099458666,5.647735524864666,212.03434333911525,-0.14232293522660652,-84.08852599999045
2026-03,롱,1,1,2.2455540010243995,5.613885002560998,559.1596733178473,0.0,-144.6056943084368
2026-03,숏,1,1,2.2222691201338685,5.555672800334671,129.00521774311846,0.0247783006894033,-44.23331345669794
2026-03,숏,1,1,2.215146527623536,5.53786631905884,27.548782420115444,-0.21032816279781608,168.09126755644866
2026-03,숏,1,1,2.2422131321753724,5.605532830438431,312.35172871326625,-0.49205367185578325,-19.999104614433236
2026-03,숏,1,1,2.2389928110732793,5.597482027683198,114.02576652830987,-0.5285142530537578,-1.3410461442872474
2026-03,숏,1,1,2.238776871445951,5.596942178614878,31.67634455294122,-0.0,92.0702619552194
2026-03,숏,1,1,2.2536023255433157,5.634005813858289,183.56024218886876,-0.013070893488151793,-32.702544536605274
2026-03,숏,1,1,2.2483364550809264,5.620841137702316,147.43158540468153,0.21595271651043005,125.22951611999633
2026-03,숏,1,1,2.2685013205157087,5.671253301289272,193.12116797660548,0.3912030527229128,23.64379504779754
2026-04,숏,1,1,2.2723085215676524,5.680771303919131,281.12865351955253,-0.06555610084709365,-24.67880659560251
2026-04,숏,1,1,2.268334659578003,5.670836648945008,138.13098241064097,-0.0,1.0840300166255474
2026-04,숏,2,0,4.53701842725911,0.0,0.0,-0.21426069522723923,-281.36763372131463
2026-04,롱,1,1,2.223202478863792,5.55800619715948,153.03140527661864,0.4116259389615583,-22.03752416304451
2026-04,롱,1,1,2.2196539247925795,5.549134811981449,150.21234943885034,0.66811583136268,360.13790896502724
2026-04,롱,1,1,2.2776445063842634,5.694111265960658,142.68683641441058,0.5966289784475087,30.549104451742096
2026-04,롱,1,1,2.2825636228953594,5.706409057238399,89.97461792662132,-1.6962871563548083,-97.12119994341447
2026-04,롱,1,1,2.2669248502768746,5.667312125692186,217.09759217744025,-0.4182476348761555,-25.260843981061043
2026-04,롱,1,1,2.262857266727649,5.6571431668191225,289.7791243019256,0.0,-46.60444986730181
2026-04,롱,1,1,2.255352866093092,5.63838216523273,230.8288928063403,-0.5734234662040691,-86.05106951064045
2026-04,롱,1,1,2.2414966420097975,5.603741605024494,17.525751722208497,0.0,-27.403648755378526
2026-04,롱,1,1,2.2370840170416972,5.592710042604242,222.2198392954878,-0.5129633651077581,-71.57223805486683
2026-04,롱,1,1,2.2255592216583175,5.563898054145794,180.08180060175548,-0.8033156010575668,46.109628051519394
2026-04,롱,1,1,2.232983944468999,5.582459861172497,0.0,0.06408663920630576,358.5887190153626
2026-04,롱,1,1,2.2907250704384317,5.7268126760960785,162.46062018361258,-0.4069473087634542,-50.446500886964714
2026-04,롱,1,1,2.2826020102082336,5.706505025520584,171.50678908291871,0.0,-23.523162260282334
2026-04,롱,1,1,2.2788142338414814,5.697035584603703,181.47676725583028,0.027459711517883723,-31.37979582191838
2026-04,롱,1,1,2.2737613566945827,5.684403391736456,261.94568564965266,0.5959528515896213,10.026725698164228
2026-04,롱,1,1,2.2753758927937335,5.688439731984334,151.13613678690282,-0.4801043133793895,26.742317896228997
