et,xt,side,entry,exit,R,reason,year,atr_pct,oi_z,y
2023-05-06 08:00:00,2023-05-11 00:00:00,-1,28593.817980000003,27583.0,0.035091937277603215,fibstop,2023,0.022469378217586038,-0.3332226222236989,2023
2023-05-12 08:00:00,2023-05-13 08:00:00,1,26243.111139999997,26759.2,0.01874467892105845,fibstop,2023,0.024147806286810458,1.2254878449887368,2023
2023-05-14 00:00:00,2023-05-15 00:00:00,-1,26878.134700000006,26901.9,-0.0016012771009745134,fibstop,2023,0.020395261365567303,-0.4286342349078648,2023
2023-05-15 08:00:00,2023-05-16 08:00:00,-1,27435.8906,27240.6,0.006418660371661281,fibstop,2023,0.019271616894511373,0.8978383179346836,2023
2023-05-17 16:00:00,2023-05-19 08:00:00,1,27362.7985,26842.0,-0.02018827610776784,fibstop,2023,0.018601327080136794,1.4855926596083304,2023
2023-05-21 08:00:00,2023-05-23 16:00:00,-1,26913.00938,27310.8,-0.015177287191985448,fibstop,2023,0.013622751560948542,0.536807025082492,2023
2023-05-24 16:00:00,2023-05-25 16:00:00,1,26270.655499999997,26216.9,-0.00304803845084892,fibstop,2023,0.015839506442370217,1.7444288315067764,2023
2023-05-29 08:00:00,2023-06-03 08:00:00,-1,27698.304799999998,27161.4,0.019656991040051114,fibstop,2023,0.016255754090671305,0.2477095306863714,2023
2023-06-03 16:00:00,2023-06-05 08:00:00,-1,27080.260440000002,26819.2,0.009339788496812503,fibstop,2023,0.015317552410071968,0.6544889327887893,2023
2023-06-06 00:00:00,2023-06-07 00:00:00,1,25644.66294,27012.700842540704,0.052433500833043906,fibstop,2023,0.016909660711605802,0.9201832532410648,2023
2023-06-07 08:00:00,2023-06-12 08:00:00,-1,26394.84032,25793.2,0.022851740948047542,fibstop,2023,0.022239553352858786,-1.2040776420412442,2023
2023-06-13 16:00:00,2023-06-17 16:00:00,-1,25951.236699999998,26399.9,-0.017580415936700268,fibstop,2023,0.01682959576956509,1.3206047286050648,2023
2023-06-19 00:00:00,2023-06-26 16:00:00,1,26401.232099999997,30400.7,0.14889318620174738,fibstop,2023,0.016101555218479478,-0.356508769555073,2023
2023-06-27 00:00:00,2023-06-29 08:00:00,1,30357.168940000003,30333.9,-0.002164245600241971,fibstop,2023,0.018757437472981146,-0.2904638190191123,2023
2023-06-29 16:00:00,2023-06-30 16:00:00,-1,30470.252560000004,30117.399831680053,0.010980236416653806,fibstop,2023,0.017431131221114327,1.6679897029842046,2023
2023-07-02 16:00:00,2023-07-06 00:00:00,1,30578.887059999997,30488.4,-0.004859135164809875,fibstop,2023,0.01658807025734233,-3.332230273564313,2023
2023-07-07 08:00:00,2023-07-10 16:00:00,1,30319.8928,30297.5,-0.0018561514239021808,fibstop,2023,0.018911966694760644,-1.0111679202002088,2023
2023-07-11 00:00:00,2023-07-13 00:00:00,-1,30561.169280000002,30368.9,0.00578383331533222,fibstop,2023,0.014381893933485395,0.6466733309909592,2023
2023-07-14 00:00:00,2023-07-17 00:00:00,-1,31144.9216,30216.9,0.029354993482923905,fibstop,2023,0.016940643890573797,-0.5709846877436899,2023
2023-07-19 00:00:00,2023-07-21 08:00:00,1,29953.376959999998,29757.8,-0.007673619317102498,fibstop,2023,0.013849410385029863,-0.1874561208213779,2023
2023-07-23 00:00:00,2023-07-24 08:00:00,1,29876.85668,28972.93977257582,-0.031391852603518525,fibstop,2023,0.011005731975141231,-0.2818038744828303,2023
2023-07-27 00:00:00,2023-07-31 00:00:00,-1,29421.6107,29271.2,0.005015132402959037,fibstop,2023,0.01113175902761141,1.8382525126595413,2023
2023-07-31 08:00:00,2023-08-02 00:00:00,-1,29246.582119999995,29944.559189820076,-0.02425218259451688,fibstop,2023,0.008692960536313351,1.110698502943963,2023
2023-08-02 08:00:00,2023-08-07 16:00:00,-1,29356.99106,28872.18328595787,0.017213878812523235,fibstop,2023,0.013048386973608883,1.9154864470334276,2023
2023-08-09 00:00:00,2023-08-15 08:00:00,-1,29853.990380000003,29396.9,0.016288323780080077,fibstop,2023,0.011375831240290247,1.3851123997550423,2023
2023-08-16 00:00:00,2023-08-17 00:00:00,1,29168.28102,28518.94544996305,-0.02336170166118861,fibstop,2023,0.008099429295797078,1.629618604316364,2023
2023-08-18 00:00:00,2023-08-22 00:00:00,1,26263.692419999996,26115.4,-0.006323329852491133,fibstop,2023,0.024618373664283964,-3.122174617279041,2023
2023-08-23 00:00:00,2023-08-26 00:00:00,1,26015.753,26051.7,0.00040181974822101486,fibstop,2023,0.015562509376158367,-2.929525215449257,2023
2023-08-27 16:00:00,2023-08-29 00:00:00,-1,26100.024480000004,26106.5,-0.0009543339818548218,fibstop,2023,0.010231989637509676,3.1256139654342934,2023
2023-08-30 00:00:00,2023-09-04 08:00:00,-1,27495.337440000003,25953.8,0.055859342667290535,fibstop,2023,0.017031028266554827,1.0572221517605769,2023
2023-09-05 08:00:00,2023-09-07 08:00:00,1,25730.1424,25751.0,-0.00011125098459278905,fibstop,2023,0.013661926759950947,2.5739761956032714,2023
2023-09-08 00:00:00,2023-09-11 08:00:00,-1,26277.175,25801.4,0.01732764786531459,fibstop,2023,0.01317205780537551,-1.6061715886343295,2023
2023-09-12 00:00:00,2023-09-18 16:00:00,1,25776.41058,26778.84456964372,0.038099118080254714,fibstop,2023,0.015594107121180653,1.2886529051337057,2023
2023-09-19 16:00:00,2023-09-25 16:00:00,-1,27228.969159999997,26439.544547326524,0.028533915893327023,fibstop,2023,0.01537976211302078,1.3819378766273698,2023
2023-09-27 16:00:00,2023-09-28 16:00:00,-1,26383.11706,27205.667477035848,-0.032033540719728,fibstop,2023,0.011360524800593541,-1.1599801240151455,2023
2023-09-29 00:00:00,2023-10-01 16:00:00,-1,27205.005780000003,28167.010454672967,-0.03616777116649826,fibstop,2023,0.012891225243782297,0.9795976276543956,2023
2023-10-02 16:00:00,2023-10-06 00:00:00,-1,27552.9522,27398.3,0.004875208514391444,fibstop,2023,0.017361152139017087,0.8468653815290552,2023
2023-10-07 00:00:00,2023-10-14 08:00:00,-1,27916.243599999998,26860.4,0.03791209645940087,fibstop,2023,0.016018332338644446,0.7182562945816887,2023
2023-10-16 16:00:00,2023-10-18 16:00:00,-1,28609.633,28235.4,0.012245374124562522,fibstop,2023,0.022815045110247418,-2.5094784560902075,2023
2023-10-19 08:00:00,2023-10-27 08:00:00,1,28629.3944,33954.0,0.1838929911782181,fibstop,2023,0.018690763060704527,-0.2317506687814145,2023
2023-10-28 00:00:00,2023-10-31 08:00:00,1,34004.15358,34151.9,0.002544952143931687,fibstop,2023,0.024457047078372828,-0.89457460891419,2023
2023-10-31 16:00:00,2023-11-04 00:00:00,1,34625.78084,34700.5,0.0003579054157728783,fibstop,2023,0.01751304792061456,-1.3992597217616631,2023
2023-11-04 08:00:00,2023-11-05 16:00:00,-1,34738.84720000001,34893.9,-0.004863383574800676,fibstop,2023,0.01914506980903122,0.8425596260553604,2023
2023-11-06 00:00:00,2023-11-08 08:00:00,-1,34950.81648,35239.5,-0.008359707471074188,fibstop,2023,0.0182192375259682,-0.081206322233513,2023
2023-11-09 16:00:00,2023-11-13 16:00:00,-1,36836.50024,36871.7,0.0002737025663225379,fibstop,2023,0.02531535357592897,-0.6445676299213305,2023
2023-11-15 00:00:00,2023-11-17 08:00:00,1,35597.4,36251.9,0.01691404427115463,fibstop,2023,0.02140203369435398,-1.3459686124024368,2023
2023-11-20 00:00:00,2023-11-21 08:00:00,-1,37321.13774,37297.1,0.00024407843532157512,fibstop,2023,0.01809195301851816,1.188499082201925,2023
2023-11-22 08:00:00,2023-11-28 08:00:00,1,36416.5844,37087.2,0.01581511528467221,fibstop,2023,0.022869023412122023,-0.7922800533977397,2023
2023-11-29 00:00:00,2023-11-30 00:00:00,-1,38145.533,37837.2,0.0076830696480242235,fibstop,2023,0.01609121249467743,0.3845613565949743,2023
2023-12-02 00:00:00,2023-12-03 08:00:00,-1,38729.35534,39474.1,-0.019674321824550898,fibstop,2023,0.014226818369510421,0.5682045674964605,2023
2023-12-05 00:00:00,2023-12-05 16:00:00,-1,41681.11474,43823.81720688005,-0.052007033622922035,fibstop,2023,0.018781518512363544,-0.406951645697481,2023
2023-12-06 00:00:00,2023-12-09 08:00:00,-1,43905.40488000001,44220.7,-0.0065293070450001735,fibstop,2023,0.021663220840216785,-1.145349787030394,2023
2023-12-11 08:00:00,2023-12-12 08:00:00,1,41692.188319999994,41930.0,0.004603986516004632,fibstop,2023,0.022756522189302915,-1.816914293761148,2023
2023-12-14 00:00:00,2023-12-19 16:00:00,-1,43006.80542,42512.9,0.012474014980021614,fibstop,2023,0.02348222095906905,-0.9149605595452897,2023
2023-12-20 16:00:00,2023-12-22 16:00:00,-1,43821.52552,43699.9,0.003612814348662097,fibstop,2023,0.023665717188921853,3.1179090606309754,2023
2023-12-23 08:00:00,2023-12-25 08:00:00,1,43747.31388,43233.3,-0.013505460076859854,fibstop,2023,0.01853921677412797,-0.1666777442286802,2023
2023-12-27 00:00:00,2023-12-29 16:00:00,1,42411.0222,42301.6,-0.00661466156287467,fibstop,2023,0.017537121850073268,0.6681954418429669,2023
2023-12-30 00:00:00,2024-01-04 00:00:00,1,41911.63608,42849.5,0.016359772730976902,fibstop,2024,0.018311719190254032,0.3454375003012447,2023
2024-01-07 16:00:00,2024-01-08 16:00:00,-1,44039.024659999995,46772.08192018692,-0.06245989531528666,fibstop,2024,0.022656443476819044,2.885816201970187,2024
2024-01-09 00:00:00,2024-01-10 08:00:00,-1,46963.12466,45766.3,0.0251843490220184,fibstop,2024,0.025869943004932436,1.0541894566004442,2024
2024-01-10 16:00:00,2024-01-12 16:00:00,1,46550.9301,42826.855692,-0.08140000000000003,fibstop,2024,0.03400145403379619,-0.5408126794339692,2024
2024-01-13 00:00:00,2024-01-15 08:00:00,1,42876.9695,42713.1,-0.005321853594387112,fibstop,2024,0.039222221557049686,-0.3008514280426005,2024
2024-01-17 00:00:00,2024-01-25 00:00:00,-1,42709.1397,40078.8,0.06318727894020304,fibstop,2024,0.02494665842072836,-0.651905891937929,2024
2024-01-27 00:00:00,2024-01-28 16:00:00,-1,41807.71242,42244.5,-0.010817285985992993,fibstop,2024,0.018450643484746513,0.6290101259160686,2024
2024-01-30 16:00:00,2024-02-03 08:00:00,-1,43075.3842,43037.1,0.0011284921075742096,fibstop,2024,0.01804966869134667,-0.1037786649011478,2024
2024-02-05 16:00:00,2024-02-08 00:00:00,-1,42734.157020000006,44631.713426146875,-0.04462445020385597,fibstop,2024,0.016181311605566854,2.316768656715261,2024
2024-02-10 00:00:00,2024-02-11 16:00:00,-1,47308.47584,48140.7,-0.017811028853676608,fibstop,2024,0.017436554009698887,-1.441766613005512,2024
2024-02-13 08:00:00,2024-02-14 08:00:00,-1,48995.71174,51838.68812952428,-0.058525004404687095,fibstop,2024,0.021229790086551015,0.7545028953052798,2024
2024-02-14 16:00:00,2024-02-16 00:00:00,-1,52114.94501999999,51898.4,0.0037551424436289486,fibstop,2024,0.02171733724812301,2.4002400377497857,2024
2024-02-17 16:00:00,2024-02-20 16:00:00,1,51614.38190000001,51712.7,-0.0003677113853899562,fibstop,2024,0.019711753709138465,0.1380063200777201,2024
2024-02-21 16:00:00,2024-02-24 08:00:00,1,51802.4625,51099.8,-0.0151545483009519,fibstop,2024,0.020193687169144537,1.7765911377810766,2024
2024-02-25 08:00:00,2024-02-26 08:00:00,-1,51590.050740000006,51327.5,0.004923073905317356,fibstop,2024,0.014068238761513398,-0.5295224195823621,2024
2024-02-27 08:00:00,2024-02-28 08:00:00,-1,56976.6105,60339.17431975997,-0.05908280469649013,fibstop,2024,0.02156195204358636,-1.6287101059355935,2024
2024-02-29 00:00:00,2024-03-04 16:00:00,-1,63154.7985,68207.18238,-0.07336102000000001,fibstop,2024,0.031034238525328245,-1.3738968677850671,2024
2024-03-06 00:00:00,2024-03-09 08:00:00,1,66458.4028,68336.3,0.023765680840362714,fibstop,2024,0.0420043952444922,-1.9645255605088665,2024
2024-03-10 16:00:00,2024-03-12 08:00:00,-1,69115.86612,72175.6,-0.042368800864317664,fibstop,2024,0.026086588906303127,1.1901346443313925,2024
2024-03-12 16:00:00,2024-03-14 00:00:00,-1,71690.478,73127.6,-0.01941574474144423,fibstop,2024,0.029001333245520223,0.6421844037766733,2024
2024-03-14 08:00:00,2024-03-18 16:00:00,-1,71059.77316,67509.2,0.051834897518845256,fibstop,2024,0.028402023999376403,1.787416881787114,2024
2024-03-20 08:00:00,2024-03-23 08:00:00,1,63406.61464000001,64606.6,0.016766549374678433,fibstop,2024,0.04063656674469023,-1.446440288570617,2024
2024-03-26 08:00:00,2024-03-28 00:00:00,-1,70582.137,69532.6,0.015598705466090613,fibstop,2024,0.030995562199326983,0.1206966063296776,2024
2024-04-01 00:00:00,2024-04-05 08:00:00,-1,69729.04258,66937.4,0.04101899881634692,fibstop,2024,0.01978198440035251,1.2876488458783986,2024
2024-04-08 16:00:00,2024-04-11 08:00:00,-1,71678.4,70789.1,0.013249665955489912,fibstop,2024,0.02103734914860525,0.7138196771901151,2024
2024-04-13 00:00:00,2024-04-13 16:00:00,1,67280.58012000001,62027.25462675642,-0.0789808590513621,fibstop,2024,0.028348062884325353,-1.5938855096360316,2024
2024-04-14 00:00:00,2024-04-17 00:00:00,1,64104.164820000005,63764.9,-0.006763649034487643,fibstop,2024,0.038255867516746714,-2.2440356206487664,2024
2024-04-18 00:00:00,2024-04-19 16:00:00,1,60941.552939999994,64417.6,0.05611853989512503,fibstop,2024,0.03867766889347577,0.3421594012309394,2024
2024-04-21 08:00:00,2024-04-23 08:00:00,-1,65195.44838000001,66079.9,-0.01416536595071678,fibstop,2024,0.029908372920665456,0.6045064751143272,2024
2024-04-25 00:00:00,2024-04-26 00:00:00,1,63888.8782,64478.8,0.008381470153510479,fibstop,2024,0.023330021256295075,1.5026102725835573,2024
2024-04-27 08:00:00,2024-04-30 00:00:00,1,62784.65752,63801.16744793224,0.015024469253436703,fibstop,2024,0.021011945765104328,1.0450271796772024,2024
2024-04-30 08:00:00,2024-05-05 00:00:00,-1,60852.32972,63864.3,-0.049520034014531394,fibstop,2024,0.024026052768977835,0.2236488883397636,2024
2024-05-05 16:00:00,2024-05-07 00:00:00,-1,64226.33404000001,63142.7,0.0162059241599819,fibstop,2024,0.0240621076355452,0.1426731087965604,2024
2024-05-09 00:00:00,2024-05-10 00:00:00,1,61085.601839999996,63050.0,0.03124218074906463,fibstop,2024,0.022604920830333827,-2.3401084768964635,2024
2024-05-11 00:00:00,2024-05-20 08:00:00,1,60891.003880000004,66788.9,0.09472631299212696,fibstop,2024,0.022631916880378973,-0.0034736307243197,2024
2024-05-21 08:00:00,2024-05-26 00:00:00,-1,70060.0318,69314.5,0.011404088312956884,fibstop,2024,0.020560019925238697,0.1269227952186314,2024
2024-05-27 00:00:00,2024-05-28 16:00:00,1,68617.94668000001,68399.8,-0.004479149049990288,fibstop,2024,0.01645587363717301,-2.252982317761235,2024
2024-05-29 00:00:00,2024-05-30 08:00:00,1,67891.3762,67627.9,-0.005206429302919351,fibstop,2024,0.019734214585044405,-1.0099041388881511,2024
2024-05-31 00:00:00,2024-06-03 00:00:00,-1,68297.83306,67805.9,0.007327942341930325,fibstop,2024,0.018058613162866787,-1.6793441115258816,2024
2024-06-03 16:00:00,2024-06-06 08:00:00,-1,68941.85203999998,71077.2,-0.03095696372270606,fibstop,2024,0.016056989434615365,0.475896419518854,2024
2024-06-07 00:00:00,2024-06-08 08:00:00,1,71097.2585,69612.5,-0.02208514455798748,fibstop,2024,0.014704432611609237,-1.5540130038757571,2024
2024-06-10 00:00:00,2024-06-11 00:00:00,-1,69368.6356,69558.8,-0.0033413599583615033,fibstop,2024,0.011790073860711696,0.294754471326647,2024
2024-06-11 16:00:00,2024-06-14 08:00:00,1,67196.55261999999,66906.3,-0.005919457006096318,fibstop,2024,0.016184849341659754,-1.0013570090689343,2024
2024-06-15 00:00:00,2024-06-18 00:00:00,1,65936.31736,66472.1,0.006425759239399708,fibstop,2024,0.01878168183866053,-2.2861866700207822,2024
2024-06-19 00:00:00,2024-06-22 00:00:00,1,65198.83848,64124.1,-0.01792933267653994,fibstop,2024,0.018217217734176352,-2.875543314392222,2024
2024-06-25 00:00:00,2024-06-27 16:00:00,1,60418.2794,61570.6,0.017535373580655288,fibstop,2024,0.01980153838924649,-2.08965257640446,2024
2024-07-01 08:00:00,2024-07-02 08:00:00,-1,63230.502799999995,62617.9,0.009188406273435347,fibstop,2024,0.01525388368623285,-0.5502908435261419,2024
2024-07-05 08:00:00,2024-07-08 16:00:00,1,56328.2267,55736.8,-0.012025090613002396,fibstop,2024,0.03177574368198454,-1.8231415208723876,2024
2024-07-10 08:00:00,2024-07-12 08:00:00,-1,57811.0711,57605.2303979672,0.003209465822522689,fibstop,2024,0.02846097178324057,0.8480399027390473,2024
2024-07-16 08:00:00,2024-07-17 16:00:00,-1,65083.46778,64696.0,0.005185557893759238,fibstop,2024,0.0256569708390989,-0.8427751403876099,2024
2024-07-19 00:00:00,2024-07-22 08:00:00,1,63588.828160000005,67210.4,0.05592729769388162,fibstop,2024,0.021979166904952146,-1.0917297808754354,2024
2024-07-24 00:00:00,2024-07-26 00:00:00,1,65959.52992,65773.0,-0.0042279449569490885,fibstop,2024,0.019919730982993655,0.6679865305389768,2024
2024-07-27 16:00:00,2024-08-08 00:00:00,-1,68047.995,55102.9,0.19145178473509672,fibstop,2024,0.021473427573582313,1.2021735094850745,2024
2024-08-09 00:00:00,2024-08-12 00:00:00,-1,61251.16647999999,58693.1,0.04100623532486492,fibstop,2024,0.04054689420406717,-0.3547681578430857,2024
2024-08-12 08:00:00,2024-08-15 16:00:00,1,60042.280999999995,59643.3,-0.0072870207120814155,fibstop,2024,0.03155697993249908,-0.4814262864318884,2024
2024-08-18 16:00:00,2024-08-20 16:00:00,-1,58515.861399999994,58783.7,-0.005513496568450468,fibstop,2024,0.024345034098359166,2.740423358769281,2024
2024-08-22 00:00:00,2024-08-24 08:00:00,-1,61064.890660000005,64269.3,-0.05339497822269364,fibstop,2024,0.02474365447229678,2.4156826937647056,2024
2024-08-26 00:00:00,2024-08-30 00:00:00,-1,63821.50676,59323.3,0.0698328892318122,fibstop,2024,0.019095124586047944,-0.8726270057694174,2024
2024-08-31 00:00:00,2024-09-02 00:00:00,1,58954.37494,57268.1,-0.029479820099609873,fibstop,2024,0.024865103454769513,-2.0878563367693084,2024
2024-09-02 08:00:00,2024-09-04 16:00:00,1,58388.87414,58096.0,-0.005992323740844363,fibstop,2024,0.021771622648367645,-0.5014817247104919,2024
2024-09-07 00:00:00,2024-09-09 08:00:00,1,54044.091519999994,54939.0,0.01612947879160036,fibstop,2024,0.02812013491837777,0.4917961098984054,2024
2024-09-10 00:00:00,2024-09-13 00:00:00,-1,57317.16698,58097.1,-0.014667159780339873,fibstop,2024,0.02384905166304447,0.5567922918884314,2024
2024-09-14 00:00:00,2024-09-18 00:00:00,-1,60259.80492,60281.0,-0.000822368320862266,fibstop,2024,0.02109216189257276,1.7529271270831106,2024
2024-09-20 08:00:00,2024-09-23 16:00:00,-1,63316.60376,63589.6,-0.004489585863049537,fibstop,2024,0.021623255353207402,1.1885213168934448,2024
2024-09-25 08:00:00,2024-09-27 08:00:00,-1,63542.4534,65438.8,-0.030272823706100044,fibstop,2024,0.01737956683706004,0.781020811819192,2024
2024-09-27 16:00:00,2024-09-30 08:00:00,-1,65861.77864,64539.0,0.01957768212429215,fibstop,2024,0.016814583744948205,0.8634275483065346,2024
2024-10-01 00:00:00,2024-10-01 16:00:00,1,63921.91157999999,61285.763288332026,-0.04214013544821412,fibstop,2024,0.01499164196809434,-1.057871058853053,2024
2024-10-02 00:00:00,2024-10-03 08:00:00,1,61528.12566,60898.5,-0.011280405712263748,fibstop,2024,0.020145435583360804,-2.1394373197637337,2024
2024-10-03 16:00:00,2024-10-09 00:00:00,1,60543.61758,62131.8,0.02496037705826538,fibstop,2024,0.02155053935782844,1.5404874750183164,2024
2024-10-10 00:00:00,2024-10-11 08:00:00,1,60747.62878,60643.2,-0.002637949362435293,fibstop,2024,0.01779145085262215,0.1835115581423497,2024
2024-10-12 00:00:00,2024-10-13 00:00:00,-1,62866.4,63176.0,-0.005656049267144283,fibstop,2024,0.01838269283622255,0.9799969992664334,2024
2024-10-13 16:00:00,2024-10-18 00:00:00,1,62797.38756,67401.5,0.0713944022947887,fibstop,2024,0.01597613816587536,-1.2437167425400717,2024
2024-10-19 00:00:00,2024-10-21 16:00:00,-1,68399.45999999999,67354.2,0.01528169959236504,fibstop,2024,0.015869006090472138,0.4312196876160167,2024
2024-10-22 08:00:00,2024-10-24 08:00:00,1,67177.73270000001,67104.5,-0.0024901335465881734,fibstop,2024,0.01532586202395962,-0.84248029391644,2024
2024-10-25 00:00:00,2024-10-29 00:00:00,-1,67610.03388,70693.74860463632,-0.045306121778715555,fibstop,2024,0.01663113706648996,0.8306030974563451,2024
2024-10-30 00:00:00,2024-11-06 16:00:00,-1,72483.02232,74289.7,-0.02342552907112292,fibstop,2024,0.01696680887472913,-0.6263691236813435,2024
2024-11-07 00:00:00,2024-11-08 08:00:00,-1,75082.534,76171.0,-0.014896926808570469,fibstop,2024,0.026054019830676924,1.0195281187837004,2024
2024-11-09 00:00:00,2024-11-10 16:00:00,-1,76828.86326,81090.76235805923,-0.055575469910406926,fibstop,2024,0.020275928487597218,0.7517299394827947,2024
2024-11-12 08:00:00,2024-11-14 08:00:00,-1,87343.74694,90818.9,-0.03954997472842625,fibstop,2024,0.03013909676806957,0.1023190449779608,2024
2024-11-15 00:00:00,2024-11-18 08:00:00,1,87608.49626,91255.19494193283,0.039454943214529664,fibstop,2024,0.03437527788019319,0.9063655538585196,2024
2024-11-18 16:00:00,2024-11-20 08:00:00,-1,90623.93865999999,92856.6,-0.02453874158905034,fibstop,2024,0.02796294990839559,0.1971384362750754,2024
2024-11-20 16:00:00,2024-11-22 16:00:00,-1,94467.71926,98696.6,-0.045065352367204096,fibstop,2024,0.023740602138181775,2.25693936839241,2024
2024-11-23 00:00:00,2024-11-27 16:00:00,-1,98600.60000000002,96486.62707320073,0.023070567230678993,fibstop,2024,0.021405387000756428,-0.2737848872854274,2024
2024-11-28 00:00:00,2024-11-30 00:00:00,-1,95559.27784,97516.2,-0.02037390022645861,fibstop,2024,0.024720423400846927,-2.0433690122760373,2024
2024-12-01 08:00:00,2024-12-03 08:00:00,1,96993.88208,95608.8,-0.01619383736591,fibstop,2024,0.017095006900322597,-0.7272393015493754,2024
2024-12-03 16:00:00,2024-12-05 16:00:00,1,95776.26660000002,90724.12135070456,-0.055781968570544474,fibstop,2024,0.019176602994489634,-0.205333758258801,2024
2024-12-06 00:00:00,2024-12-09 00:00:00,1,97785.34624,101200.1,0.03247471495610176,fibstop,2024,0.0342846952999882,-1.6177174211584175,2024
2024-12-10 00:00:00,2024-12-13 16:00:00,1,96999.60492,99831.0,0.027289758889587176,fibstop,2024,0.02745680818547399,0.0528693513648671,2024
2024-12-14 08:00:00,2024-12-16 16:00:00,-1,101704.45896,106281.1,-0.0451256638585407,fibstop,2024,0.020939259510323688,1.212013028822326,2024
2024-12-17 00:00:00,2024-12-18 00:00:00,-1,107037.64555999999,106074.6,0.008497260309319351,fibstop,2024,0.02014867175249737,-2.041026603880174,2024
2024-12-18 08:00:00,2024-12-19 16:00:00,1,104239.24472,100631.1,-0.03581407198116153,fibstop,2024,0.02182789093583028,-1.2224901778271655,2024
2024-12-20 00:00:00,2024-12-21 00:00:00,1,97453.14336,97764.5,0.002094936861603572,fibstop,2024,0.029436358127643374,-0.9226033850825625,2024
2024-12-25 00:00:00,2024-12-26 16:00:00,-1,98255.07663999998,95993.1,0.02278012346836547,fibstop,2024,0.026320682997870798,1.0869514866147167,2024
2024-12-28 00:00:00,2024-12-30 08:00:00,1,94143.306,93688.9,-0.006134577851833475,fibstop,2024,0.022723075199940643,0.2909777515117611,2024
2024-12-30 16:00:00,2025-01-06 00:00:00,1,92511.164,98340.2,0.06048841072990118,fibstop,2025,0.020932079822801763,2.935076945462705,2024
2025-01-07 08:00:00,2025-01-11 08:00:00,-1,98078.03194,94210.2,0.03941915195095203,fibstop,2025,0.01957035645428735,0.1463267198582987,2025
2025-01-12 16:00:00,2025-01-13 16:00:00,-1,94552.31726,94136.63774063224,0.0037276511900373372,fibstop,2025,0.019142176416325225,0.910096405652593,2025
2025-01-14 16:00:00,2025-01-16 16:00:00,-1,96763.18006,99258.2,-0.02625958718030258,fibstop,2025,0.02255777158262939,-0.32772222065945,2025
2025-01-18 00:00:00,2025-01-20 00:00:00,-1,103277.125,109232.73276954363,-0.05786628156567713,fibstop,2025,0.021095408123652546,0.9771005608172182,2025
2025-01-20 08:00:00,2025-01-24 08:00:00,-1,105317.37059999998,104999.9,0.003365828212221997,fibstop,2025,0.03364161703341985,-0.097233730541134,2025
2025-01-25 00:00:00,2025-01-29 00:00:00,-1,104521.74570000001,101279.7,0.031113296161894656,fibstop,2025,0.027877449036038796,0.5348260084384734,2025
2025-01-30 16:00:00,2025-02-04 08:00:00,-1,104934.738,98405.1,0.062190304513599554,fibstop,2025,0.0225654712728841,0.3888912910038243,2025
2025-02-07 00:00:00,2025-02-08 08:00:00,1,96503.93050000002,96153.4,-0.004524222469165508,fibstop,2025,0.026339312606568573,-1.6407336703870623,2025
2025-02-10 00:00:00,2025-02-12 08:00:00,1,97225.70838000001,96025.1,-0.013465591971691988,fibstop,2025,0.021563080975497386,-1.3616462308295365,2025
2025-02-12 16:00:00,2025-02-18 08:00:00,1,97684.63798,95409.9,-0.024938307680769767,fibstop,2025,0.02036205361837623,0.5084708780749477,2025
2025-02-21 00:00:00,2025-02-22 00:00:00,-1,98287.01069999998,96128.0,0.021289508891304283,fibstop,2025,0.013088274915180893,1.73648273654549,2025
2025-02-25 16:00:00,2025-02-27 08:00:00,1,88244.81366000003,86228.0,-0.023936895722762884,fibstop,2025,0.025199336927155366,-0.6070885602834272,2025
2025-02-28 16:00:00,2025-03-05 00:00:00,1,83675.39978,87245.9,0.04196642745800521,fibstop,2025,0.03774644665430055,-1.0522287996482516,2025
2025-03-06 08:00:00,2025-03-13 00:00:00,-1,90925.35581999998,83640.7,0.07999021998693154,fibstop,2025,0.03869458378675245,1.2163265883809906,2025
2025-03-14 00:00:00,2025-03-17 08:00:00,1,81989.74216000001,83525.3,0.017804687994842923,fibstop,2025,0.03280100654526512,1.8103374500240488,2025
2025-03-18 16:00:00,2025-03-22 00:00:00,1,82614.88016666667,84050.3,0.016271854054561656,fibstop,2025,0.02317564067935586,0.9748464516993964,2025
2025-03-24 16:00:00,2025-04-01 00:00:00,-1,87628.92199999998,82517.5,0.05795810788624763,fibstop,2025,0.01616593191630953,1.3382697016394702,2025
2025-04-02 00:00:00,2025-04-03 08:00:00,-1,84518.3809,83423.7,0.012277556163757733,fibstop,2025,0.01790404969108342,1.461867988443833,2025
2025-04-03 16:00:00,2025-04-06 16:00:00,1,82966.06267999999,77195.47340641005,-0.07074406128618448,fibstop,2025,0.025256205312969026,0.5811650735218399,2025
2025-04-07 08:00:00,2025-04-09 16:00:00,1,78143.86152000002,77237.5,-0.012698157228935277,fibstop,2025,0.03463085074279225,1.4580744865046344,2025
2025-04-10 00:00:00,2025-04-12 08:00:00,-1,81825.50616,83685.4,-0.023413961038590413,fibstop,2025,0.035308628686815814,-0.1591676017225671,2025
2025-04-13 08:00:00,2025-04-16 00:00:00,-1,84158.8321,83713.46644312138,0.004853505748163303,fibstop,2025,0.027035130202390328,0.0589568407590183,2025
2025-04-16 08:00:00,2025-04-21 00:00:00,1,84711.35446,85138.9,0.0039176965768280714,fibstop,2025,0.022398106686493766,-0.4281001177643361,2025
2025-04-21 16:00:00,2025-04-22 16:00:00,-1,87598.83507999999,91387.01501626376,-0.04402950827406147,fibstop,2025,0.015767615343765744,1.6964871607990333,2025
2025-04-23 16:00:00,2025-04-26 00:00:00,-1,93955.62642,94591.8,-0.0075820003566597054,fibstop,2025,0.019781168064368453,-1.926321708192463,2025
2025-04-27 16:00:00,2025-04-28 16:00:00,1,93631.76438000001,93772.7,0.000699021622713925,fibstop,2025,0.014934131119608497,1.3533991196342698,2025
2025-04-30 16:00:00,2025-05-05 16:00:00,1,94044.81742000002,93726.0,-0.0039048983652174418,fibstop,2025,0.015963475044269173,-0.8683479229168192,2025
2025-05-07 08:00:00,2025-05-08 08:00:00,-1,97017.5662,100668.02586344247,-0.0383904107599033,fibstop,2025,0.01371664072059723,-1.0183926163589108,2025
2025-05-09 08:00:00,2025-05-11 08:00:00,-1,103177.6524,103327.8,-0.0017723137304391174,fibstop,2025,0.017430790420804032,-0.5621970314621964,2025
2025-05-12 08:00:00,2025-05-14 08:00:00,-1,102850.26134000001,103662.2,-0.008255706245830847,fibstop,2025,0.016987440461166566,1.7066724905427433,2025
2025-05-15 16:00:00,2025-05-19 16:00:00,1,103606.35504,104740.5,0.009564273681958436,fibstop,2025,0.01598316339023512,0.8072449859363018,2025
2025-05-22 08:00:00,2025-05-23 08:00:00,-1,111539.53144,110685.3,0.007124373240915453,fibstop,2025,0.02034507108815871,1.567333919968226,2025
2025-05-24 00:00:00,2025-05-26 00:00:00,1,107396.61456000002,108956.0,0.013301475197078912,fibstop,2025,0.021348904388941825,-1.8717788694228903,2025
2025-05-26 16:00:00,2025-05-28 00:00:00,-1,109501.5482,108889.2,0.005063881938318364,fibstop,2025,0.01727158470774688,1.4216719643356184,2025
2025-05-29 00:00:00,2025-05-30 16:00:00,1,107722.50266,105504.0,-0.021645147488856473,fibstop,2025,0.01647761468502632,-0.0996657260570849,2025
2025-05-31 08:00:00,2025-06-03 00:00:00,1,104271.66374,105419.02371742335,0.009953764499404832,fibstop,2025,0.01668391776586398,-0.6479907273330779,2025
2025-06-03 16:00:00,2025-06-08 08:00:00,-1,105423.42736000002,105380.5,-0.0002801100510959103,fibstop,2025,0.01512463180529853,3.846977220752133,2025
2025-06-10 00:00:00,2025-06-17 08:00:00,-1,109482.2459,106711.0,0.02526452581601458,fibstop,2025,0.014540193143945675,1.3234454405312597,2025
2025-06-18 00:00:00,2025-06-21 08:00:00,1,104761.06,103402.1,-0.014074955510545531,fibstop,2025,0.01598873922375871,-1.0520216607690505,2025
2025-06-22 00:00:00,2025-06-23 08:00:00,1,102231.52878,101874.4,-0.0044530030672236395,fibstop,2025,0.01548869547420667,-2.2535680170402563,2025
2025-06-24 00:00:00,2025-06-26 00:00:00,-1,105125.07724000001,107280.1,-0.021263746911870197,fibstop,2025,0.021368710087638826,-2.5920922051831248,2025
2025-06-26 08:00:00,2025-06-30 00:00:00,-1,107557.9543,108309.8,-0.007411745032909065,fibstop,2025,0.016367859873877802,0.6337296126853543,2025
2025-06-30 08:00:00,2025-07-03 08:00:00,-1,107598.24152,109234.9,-0.015724939255938913,fibstop,2025,0.011234728940051753,-0.673761287202032,2025
2025-07-03 16:00:00,2025-07-07 08:00:00,-1,109706.1356,109016.3,0.005809871168240295,fibstop,2025,0.011782847680514212,2.003962417948673,2025
2025-07-08 08:00:00,2025-07-16 00:00:00,1,108149.82982,117738.6,0.08588802724441423,fibstop,2025,0.009806433875414022,-0.8719634722622569,2025
2025-07-17 00:00:00,2025-07-18 08:00:00,-1,118423.90386,119356.5,-0.00817506668503776,fibstop,2025,0.01634307298231261,-1.0220027622450525,2025
2025-07-19 00:00:00,2025-07-21 08:00:00,1,118012.61956,119352.3,0.009752010022274661,fibstop,2025,0.015381705049816204,-1.292417896282785,2025
2025-07-22 08:00:00,2025-07-24 16:00:00,1,118786.44536000001,119074.1,0.0008216116504557707,fibstop,2025,0.015852910446046194,-0.0430757948926821,2025
2025-07-28 08:00:00,2025-07-31 16:00:00,-1,118304.05418000002,118259.4,0.000534392660515541,fibstop,2025,0.011612370263980156,0.800418559403879,2025
2025-08-02 00:00:00,2025-08-03 16:00:00,1,113736.14999999998,113904.3,0.000475351768277046,fibstop,2025,0.014916642472536695,-0.7670396105654947,2025
2025-08-05 00:00:00,2025-08-07 08:00:00,-1,114037.4784,114751.2,-0.006649148206177853,fibstop,2025,0.01233716583013993,-1.6544919299261678,2025
2025-08-08 08:00:00,2025-08-10 00:00:00,-1,116309.27636,116422.1,-0.0014422813124706623,fibstop,2025,0.012768031006322095,-0.8072472908264957,2025
2025-08-11 08:00:00,2025-08-14 16:00:00,-1,120561.30744,118185.9,0.019839440461511464,fibstop,2025,0.01401942887463523,2.163704341581116,2025
2025-08-15 00:00:00,2025-08-16 08:00:00,1,118686.57696000002,117550.0,-0.010664588988291158,fibstop,2025,0.01747321897984315,-1.9904675036853077,2025
2025-08-17 16:00:00,2025-08-21 16:00:00,-1,117407.35798000002,112819.54919310851,0.038732300345281655,fibstop,2025,0.012366712386290208,0.086716461977493,2025
2025-08-23 00:00:00,2025-08-28 00:00:00,-1,115769.89999999998,111194.9,0.03994379398207118,fibstop,2025,0.01564457989816841,-0.3461059835913699,2025
2025-08-28 16:00:00,2025-08-31 16:00:00,-1,112507.3,108758.2,0.03297651102979103,fibstop,2025,0.016666299322317557,0.0328860292087645,2025
2025-09-01 16:00:00,2025-09-03 00:00:00,-1,109266.20102,111187.9,-0.01811661393661482,fibstop,2025,0.01504223704257351,-0.3574135048784649,2025
2025-09-04 00:00:00,2025-09-06 00:00:00,-1,110573.99317999999,110614.8,-0.0007606953679608385,fibstop,2025,0.01514400856307095,0.8930987415100503,2025
2025-09-07 00:00:00,2025-09-16 00:00:00,1,110666.30591333333,115300.5,0.03956117427726931,fibstop,2025,0.013475808400635225,-1.4627168945907283,2025
2025-09-17 08:00:00,2025-09-18 16:00:00,-1,115911.18026000001,117530.2,-0.014523961663442405,fibstop,2025,0.011030703206144984,1.15528717902027,2025
2025-09-19 00:00:00,2025-09-25 08:00:00,-1,116954.07898,111708.5,0.044678372066450756,fibstop,2025,0.011293193116325605,1.0636968289208706,2025
2025-09-26 00:00:00,2025-09-27 00:00:00,1,109100.84202,109588.5,0.0035491311672451475,fibstop,2025,0.013692600944506656,-1.6673453155948788,2025
2025-09-29 00:00:00,2025-09-30 16:00:00,-1,111924.4796,113055.4,-0.010782656803988861,fibstop,2025,0.010446177220953139,2.1285115823514764,2025
2025-10-03 00:00:00,2025-10-04 08:00:00,-1,119985.63020000001,122271.4,-0.01935110291587512,fibstop,2025,0.01212855758174887,1.0642294962663423,2025
2025-10-05 08:00:00,2025-10-07 08:00:00,-1,123261.95221999999,123627.1,-0.0032346021953413013,fibstop,2025,0.01468238896618832,2.7910814615307755,2025
2025-10-08 00:00:00,2025-10-10 08:00:00,1,121383.0405,120886.1,-0.00513728625996683,fibstop,2025,0.015259109210457998,-1.6902526568711038,2025
2025-10-11 00:00:00,2025-10-15 00:00:00,1,109612.7552,112983.9,0.030076971179733014,fibstop,2025,0.03322882659700593,-3.211729415322396,2025
2025-10-17 16:00:00,2025-10-20 00:00:00,1,106378.60000000002,108586.2,0.02007508416442757,fibstop,2025,0.024724663174154247,-0.9712511934251178,2025
2025-10-20 16:00:00,2025-10-22 08:00:00,-1,110634.36948,108284.1,0.020367394587595573,fibstop,2025,0.01831056994816592,2.1852800296107704,2025
2025-10-22 16:00:00,2025-10-31 08:00:00,1,107532.0,109400.0,0.015507853113119939,fibstop,2025,0.024611978278052966,-3.0800526042183773,2025
2025-11-05 00:00:00,2025-11-07 08:00:00,1,101583.68032,101978.2,0.002816221541369806,fibstop,2025,0.02430471371968695,2.994964686148939,2025
2025-11-07 16:00:00,2025-11-12 08:00:00,1,102951.92959999999,103066.7,-0.00032741399330127655,fibstop,2025,0.023319228838137224,3.314960289049664,2025
2025-11-13 00:00:00,2025-11-14 00:00:00,1,103232.07662,97342.21246084686,-0.05811905341706254,fibstop,2025,0.02073144900478283,0.7332735536883146,2025
2025-11-15 00:00:00,2025-11-17 08:00:00,1,95891.95022,95587.9,-0.0045631085391936894,fibstop,2025,0.02700588196073982,1.5942970159161685,2025
2025-11-18 08:00:00,2025-11-20 08:00:00,1,92308.62601999998,92267.5,-0.0016902473767271683,fibstop,2025,0.026570059650990303,1.6585983653038363,2025
2025-11-21 16:00:00,2025-11-29 08:00:00,1,84303.41322,90523.4,0.07263093025327202,fibstop,2025,0.03727032821981476,-1.7626070231739313,2025
2025-11-30 00:00:00,2025-12-01 00:00:00,1,90836.67338,86553.74750507502,-0.0481208537715279,fibstop,2025,0.01714882306377654,-1.3133237363722774,2025
2025-12-01 16:00:00,2025-12-05 08:00:00,1,86241.6,92227.6,0.0683299484478952,fibstop,2025,0.023790784013405255,0.6481271420495939,2025
2025-12-06 00:00:00,2025-12-08 00:00:00,1,89367.06422000001,90345.4,0.010004176361395473,fibstop,2025,0.022313425091344232,-2.076215020748713,2025
2025-12-08 16:00:00,2025-12-10 08:00:00,-1,90745.29323999998,92744.7,-0.022644713166480916,fibstop,2025,0.021254544611592995,1.665252484730357,2025
2025-12-11 16:00:00,2025-12-15 08:00:00,1,92320.06300000001,89702.9,-0.029580249978613745,fibstop,2025,0.024045517577769408,1.4594617685048128,2025
2025-12-16 00:00:00,2025-12-18 08:00:00,1,85686.0292,86787.5,0.011652120348503511,fibstop,2025,0.020955743072856955,1.702275187406489,2025
2025-12-21 16:00:00,2025-12-24 00:00:00,1,88577.15590000001,87463.1,-0.013629497197113533,fibstop,2025,0.0179688667330337,-1.1865103808969817,2025
2025-12-24 16:00:00,2025-12-27 00:00:00,1,87502.52640000002,87318.3,-0.0033438037823819815,fibstop,2025,0.016914068337502357,-0.3638770682500523,2025
2025-12-28 16:00:00,2025-12-29 16:00:00,-1,87963.37696000001,87636.4,0.003165454260842212,fibstop,2025,0.011905493764141475,2.556539943466668,2025
2026-01-01 00:00:00,2026-01-07 08:00:00,1,87603.7,92848.1,0.05806755136198602,fibstop,2026,0.013438097147250225,-2.316349766923234,2026
2026-01-08 16:00:00,2026-01-12 08:00:00,1,90897.56198,91369.2,0.003948736238684757,fibstop,2026,0.015902535902859075,1.4354435403208103,2026
2026-01-14 00:00:00,2026-01-15 08:00:00,-1,95366.45237999999,96601.2,-0.013685340151575284,fibstop,2026,0.01580181833689738,1.3062857643724224,2026
2026-01-16 16:00:00,2026-01-19 16:00:00,1,95394.99056,93013.4,-0.02609963257377235,fibstop,2026,0.015680359020123217,1.7765158471670648,2026
2026-01-21 00:00:00,2026-01-22 08:00:00,1,88873.03994,89772.6,0.009073655408651677,fibstop,2026,0.017251039702962608,0.621397332671898,2026
2026-01-26 00:00:00,2026-01-29 16:00:00,1,87816.80498,84140.09758756135,-0.04326373486103324,fibstop,2026,0.01521614330519679,0.6412961708629477,2026
2026-01-30 08:00:00,2026-01-31 16:00:00,1,82568.17462,77319.48397305282,-0.06450347273022884,fibstop,2026,0.023063865585623303,-0.7485139308573954,2026
2026-02-01 00:00:00,2026-02-02 16:00:00,1,77877.07462,78800.5,0.011125593903659567,fibstop,2026,0.030087030541558438,-2.005878150141186,2026
2026-02-04 00:00:00,2026-02-05 08:00:00,1,75958.41709999998,69881.74373199999,-0.0809775899999999,fibstop,2026,0.03266470815513693,-0.279715766050196,2026
2026-02-06 08:00:00,2026-02-10 00:00:00,1,67672.19462000001,70110.6,0.03602961384405118,fibstop,2026,0.05399420703264184,-1.737480286335736,2026
2026-02-10 16:00:00,2026-02-12 00:00:00,1,68675.44020000001,67054.8,-0.024302871127370992,fibstop,2026,0.035267769943689534,0.1586367411032363,2026
2026-02-13 00:00:00,2026-02-16 08:00:00,1,65971.0614,68552.5,0.03822455308266366,fibstop,2026,0.03269961379339647,-1.827859301682937,2026
2026-02-16 16:00:00,2026-02-18 00:00:00,1,68754.05810000001,67475.9,-0.019558763217907046,fibstop,2026,0.025741147084947288,-1.045541951894283,2026
2026-02-19 00:00:00,2026-02-20 00:00:00,1,67030.09543999999,66973.9,-0.001648211330550336,fibstop,2026,0.02426854931448334,0.5807651614909628,2026
2026-02-20 16:00:00,2026-02-22 00:00:00,-1,68058.3272,67933.2,0.0011402888787997302,fibstop,2026,0.022795099838230776,-0.4271591450106564,2026
2026-02-23 08:00:00,2026-02-25 00:00:00,1,65502.14652000001,64031.4,-0.023319229516143705,fibstop,2026,0.020560195559598073,-0.3469149705909781,2026
2026-02-26 00:00:00,2026-03-01 16:00:00,-1,68023.36061999999,66810.8,0.016955580025933562,fibstop,2026,0.0250329534783636,1.3377572829265651,2026
2026-03-03 00:00:00,2026-03-04 16:00:00,-1,68347.64270000001,73815.45411600002,-0.08075269000000013,fibstop,2026,0.02982982687712998,1.124340423553941,2026
2026-03-05 00:00:00,2026-03-11 00:00:00,-1,72350.8698,69901.8,0.03273771127651508,fibstop,2026,0.029805693461388165,0.8772714320785492,2026
2026-03-13 16:00:00,2026-03-17 00:00:00,-1,71139.54351999999,75806.05706522008,-0.06642656918421164,fibstop,2026,0.023963405891570682,1.3630124614999908,2026
2026-03-17 08:00:00,2026-03-24 00:00:00,-1,74185.13318,70866.0,0.04367619751519387,fibstop,2026,0.021413584050550577,-0.0243116909325894,2026
2026-03-25 16:00:00,2026-03-31 00:00:00,-1,71297.5,66764.4,0.06260023942739937,fibstop,2026,0.021567851906537934,0.8526384042871408,2026
2026-03-31 08:00:00,2026-04-01 16:00:00,-1,66801.68871999999,68876.9,-0.03192621178874255,fibstop,2026,0.02182140694085539,-0.1391127588806395,2026
2026-04-02 16:00:00,2026-04-05 16:00:00,1,66762.31014,67272.2,0.006764700901105185,fibstop,2026,0.022011105333349653,1.7271869342980746,2026
2026-04-07 16:00:00,2026-04-13 08:00:00,1,71813.1279,70780.1,-0.015014835067961576,fibstop,2026,0.021611908557601388,-1.538248492226113,2026
2026-04-14 16:00:00,2026-04-17 08:00:00,-1,74270.09352,75047.4,-0.01158564185034493,fibstop,2026,0.02017669580923789,3.1440105071252984,2026
2026-04-18 00:00:00,2026-04-21 08:00:00,-1,77099.27008,76050.0,0.012132028699461795,fibstop,2026,0.018522127813510116,0.9573447499481662,2026
2026-04-21 16:00:00,2026-04-23 08:00:00,-1,76386.102,78009.1,-0.02219820443583867,fibstop,2026,0.018372193516818066,2.6695831442291675,2026
2026-04-26 00:00:00,2026-04-29 00:00:00,1,77992.58639999999,76298.2,-0.02237084743869989,fibstop,2026,0.014325422102007022,-0.6629570852502071,2026
