et,xt,side,entry,exit,ret,reason,year,vr,mfe,giveback
2023-05-19 00:00:00+00:00,2023-05-24 03:36:00+00:00,1,26809.4,26701.675,-0.004818180190530269,trail/sl,2023,0.7951768387467872,0.02678538124687604,0.03080356143740631
2023-05-25 00:00:00+00:00,2023-05-29 08:01:00+00:00,1,26313.9,27906.9,0.0597383466532897,trail/sl,2023,1.0000443210317518,0.0808736067249628,0.0203352600716731
2023-06-08 00:00:00+00:00,2023-06-08 16:49:00+00:00,1,26325.9,26398.0,0.0019387477731055173,trail/sl,2023,1.033412037431536,0.018008880987924383,0.015270133214818866
2023-06-09 08:00:00+00:00,2023-06-10 04:23:00+00:00,1,26482.7,25971.75,-0.020093727603303316,trail/sl,2023,0.9270299757163754,0.011037394223398644,0.03033112182670196
2023-06-10 16:00:00+00:00,2023-06-10 18:24:00+00:00,1,25619.9,25359.68,-0.010956948309712417,trail/sl,2023,0.8675433130378947,0.020456754319884096,0.030613702629596513
2023-06-11 00:00:00+00:00,2023-06-14 20:05:00+00:00,1,25826.6,25637.585,-0.008118617239590167,trail/sl,2023,0.753899750450793,0.02338286882516481,0.030701486064754976
2023-06-15 00:00:00+00:00,2023-06-21 16:50:00+00:00,1,25115.9,30359.67,0.20798288255646807,trail/sl,2023,1.020679563969746,0.2271907437121504,0.018407861155682326
2023-07-07 00:00:00+00:00,2023-07-10 21:57:00+00:00,1,29874.3,30108.8,0.007049556307595491,trail/sl,2023,0.39569880412064723,0.03902016114185105,0.031170604834255558
2023-07-11 00:00:00+00:00,2023-07-13 15:44:00+00:00,-1,30396.9,31004.838000000003,-0.02080000000000006,trail/sl,2023,0.4796260455751936,0.006938207514582127,0.026938207514582188
2023-07-13 16:00:00+00:00,2023-07-13 19:25:00+00:00,-1,30915.5,31533.81,-0.02080000000000004,trail/sl,2023,0.436223097228718,0.006970613446329511,0.026970613446329554
2023-07-14 00:00:00+00:00,2023-07-20 08:47:00+00:00,-1,31441.6,30282.0,0.03608107475446538,trail/sl,2023,0.6792397258023165,0.06493308228588872,0.02805200753142334
2023-07-20 16:00:00+00:00,2023-07-23 19:07:00+00:00,-1,29792.9,30352.864,-0.019595216309926188,trail/sl,2023,0.7808597449121747,0.010878430767062023,0.029673647076988212
2023-07-25 00:00:00+00:00,2023-07-30 10:54:00+00:00,1,29163.8,29225.4425,0.0013136648859202764,trail/sl,2023,0.9255305013889333,0.017374279072000245,0.01526061418607997
2023-07-30 16:00:00+00:00,2023-08-01 23:08:00+00:00,-1,29337.2,29406.5,-0.003162188620590897,trail/sl,2023,0.6837420982426441,0.026832826581950586,0.02919501520254148
2023-08-02 08:00:00+00:00,2023-08-08 12:45:00+00:00,-1,29570.2,29542.769,0.00012765689782282474,trail/sl,2023,0.5795539265020877,0.03002685135710957,0.029099194459286746
2023-08-08 16:00:00+00:00,2023-08-08 21:20:00+00:00,-1,29517.5,30107.850000000002,-0.020800000000000072,trail/sl,2023,0.6928312486697572,4.742949097997646e-05,0.02004742949098005
2023-08-09 00:00:00+00:00,2023-08-17 21:45:00+00:00,-1,29758.9,24949.714999999997,0.16080493163389792,trail/sl,2023,1.0681958980033708,0.1739950065358599,0.012390074901961978
2023-08-18 00:00:00+00:00,2023-08-18 08:01:00+00:00,1,26609.7,26406.0,-0.00845510321424145,trail/sl,2023,1.2849346792365386,0.007827972506266484,0.015483075720507933
2023-09-12 16:00:00+00:00,2023-09-13 16:01:00+00:00,-1,26192.3,26227.3,-0.0021362705833393785,trail/sl,2023,1.2680178854478008,0.016886642257457316,0.018222912840796694
2023-09-14 16:00:00+00:00,2023-09-16 00:01:00+00:00,-1,26680.0,26610.3,0.0018124437781109719,trail/sl,2023,1.0490053144505485,0.0177436281859071,0.015131184407796127
2023-09-16 16:00:00+00:00,2023-09-18 10:20:00+00:00,-1,26493.6,27023.471999999998,-0.020799999999999978,trail/sl,2023,0.5177330505373464,0.005095570250928526,0.025095570250928505
2023-09-18 16:00:00+00:00,2023-09-19 09:41:00+00:00,-1,27258.8,27409.536,-0.006329810556590929,trail/sl,2023,0.47080550446270175,0.02375746547903791,0.029287276035628838
2023-09-19 16:00:00+00:00,2023-09-27 11:48:00+00:00,-1,27413.3,26743.95,0.02361698007901269,trail/sl,2023,0.6663915660453693,0.0528320194941871,0.028415039415174412
2023-09-28 16:00:00+00:00,2023-10-01 22:15:00+00:00,-1,27012.3,27423.75,-0.01603194988949481,trail/sl,2023,0.7259109702907798,0.014337912728645813,0.029569862618140624
2023-10-02 08:00:00+00:00,2023-10-04 08:47:00+00:00,-1,28299.2,27529.844999999998,0.026386457567705208,trail/sl,2023,0.9977082948494335,0.04156301238197549,0.014376554814270283
2023-10-07 00:00:00+00:00,2023-10-12 02:54:00+00:00,-1,27916.3,26922.874999999996,0.03478584053044289,trail/sl,2023,1.023394321537027,0.049838266532455926,0.014252426002013034
2023-10-16 08:00:00+00:00,2023-10-16 13:26:00+00:00,-1,27837.2,28393.944,-0.020799999999999954,trail/sl,2023,0.9126160887751074,0.0075366775394076725,0.02753667753940763
2023-11-09 00:00:00+00:00,2023-11-09 02:23:00+00:00,-1,35626.7,36339.234,-0.020799999999999992,trail/sl,2023,0.390162279728768,0.0024672506855811563,0.02246725068558115
2023-11-09 08:00:00+00:00,2023-11-09 14:00:00+00:00,-1,36550.6,37281.612,-0.020800000000000065,trail/sl,2023,0.3657817645624278,0.0,0.020000000000000066
2023-11-09 16:00:00+00:00,2023-11-09 16:45:00+00:00,-1,37141.5,36363.12,0.020157150357416838,trail/sl,2023,0.5177476220054544,0.04947296151205525,0.02851581115463841
2023-11-10 08:00:00+00:00,2023-11-13 21:14:00+00:00,1,36480.3,36442.9,-0.0018252108672352327,trail/sl,2023,0.5104680533476501,0.029870916631716215,0.03089612749895145
2023-11-14 00:00:00+00:00,2023-11-14 15:33:00+00:00,1,36486.2,35756.475999999995,-0.020800000000000055,trail/sl,2023,0.5553479653050796,0.008049618759969642,0.028049618759969697
2023-11-14 16:00:00+00:00,2023-11-14 18:51:00+00:00,1,36168.8,35445.424,-0.020800000000000103,trail/sl,2023,0.5781682844598102,0.007747008471389625,0.02774700847138973
2023-11-15 00:00:00+00:00,2023-11-16 13:18:00+00:00,1,35559.1,36860.0,0.035784165516000166,trail/sl,2023,0.6288083808700379,0.06864346960412389,0.03205930408812372
2023-11-17 00:00:00+00:00,2023-11-21 14:44:00+00:00,1,36176.0,36651.159,0.012334647279964608,trail/sl,2023,0.7627255931440167,0.04446870853604592,0.03133406125608131
2023-11-21 16:00:00+00:00,2023-11-21 22:32:00+00:00,1,36975.8,36405.07,-0.01623523061029114,trail/sl,2023,0.7572975582063705,0.015015226174957595,0.030450456785248735
2023-11-22 00:00:00+00:00,2023-11-26 12:25:00+00:00,1,35737.0,37272.25,0.04215967764501777,trail/sl,2023,0.7153276289057274,0.07521616252063687,0.0322564848756191
2023-11-27 00:00:00+00:00,2023-12-07 09:15:00+00:00,1,37437.9,43192.257,0.1529040539132803,trail/sl,2023,0.8583138654593848,0.18938562259101063,0.03568156867773034
2023-12-07 16:00:00+00:00,2023-12-11 01:08:00+00:00,1,43680.0,43435.921,-0.0063878891941391465,trail/sl,2023,0.9679584430230015,0.025167124542124608,0.030755013736263756
2023-12-11 08:00:00+00:00,2023-12-11 18:00:00+00:00,1,42128.1,41285.538,-0.020799999999999954,trail/sl,2023,0.9430078723568581,0.008602334308929229,0.028602334308929184
2023-12-20 00:00:00+00:00,2023-12-21 00:01:00+00:00,1,42298.2,43669.3,0.031615090949496806,trail/sl,2023,1.0065981057844748,0.04932597604626205,0.016910885096765242
2023-12-22 16:00:00+00:00,2023-12-24 22:14:00+00:00,1,43699.9,42825.902,-0.02079999999999999,trail/sl,2023,0.8586681173062312,0.008835260492586906,0.028835260492586896
2023-12-25 00:00:00+00:00,2023-12-26 09:45:00+00:00,1,43008.4,42534.5,-0.011818777727141709,trail/sl,2023,0.9405312857357075,0.01956827038438999,0.0305870481115317
2023-12-26 16:00:00+00:00,2023-12-28 14:57:00+00:00,1,42423.1,42534.5,0.0018259278553429963,trail/sl,2023,0.7210599011929633,0.033634977170456694,0.031009049315113696
2023-12-28 16:00:00+00:00,2023-12-29 16:22:00+00:00,1,42485.9,41876.743,-0.015137862679147652,trail/sl,2023,0.7278037008675018,0.016146533320466318,0.03048439599961397
2023-12-30 16:00:00+00:00,2024-01-01 18:15:00+00:00,-1,42410.4,43258.608,-0.020799999999999968,trail/sl,2023,0.7489066808433835,0.009653292588610375,0.029653292588610346
2024-01-02 00:00:00+00:00,2024-01-02 00:57:00+00:00,-1,44230.3,45114.906,-0.020799999999999992,trail/sl,2024,0.652439336864945,0.0006647027038026298,0.020664702703802624
2024-01-02 08:00:00+00:00,2024-01-03 01:41:00+00:00,-1,45495.6,45266.969999999994,0.004225321129955526,trail/sl,2024,1.115838590974563,0.01972938042360137,0.014704059293645844
2024-01-03 16:00:00+00:00,2024-01-03 18:56:00+00:00,1,43014.0,42288.023,-0.017677690984330658,trail/sl,2024,0.8913256560829976,0.013528153624401391,0.030405844608732052
2024-01-04 00:00:00+00:00,2024-01-04 20:51:00+00:00,1,42849.5,44168.188,0.029974874852682108,trail/sl,2024,1.0922491096563527,0.04647195416515952,0.015697079312477415
2024-01-08 16:00:00+00:00,2024-01-08 18:01:00+00:00,-1,44969.7,45869.094,-0.020800000000000006,trail/sl,2024,0.9713083097277719,0.004133894600141744,0.024133894600141752
2024-01-09 00:00:00+00:00,2024-01-09 12:50:00+00:00,-1,46972.6,46947.50549999999,-0.0002657630192919592,trail/sl,2024,1.0072124084808858,0.01530466697606693,0.014770429995358889
2024-01-19 08:00:00+00:00,2024-01-19 16:07:00+00:00,1,41281.9,40895.624,-0.010157030563031208,trail/sl,2024,1.107470643701499,0.005728902981694157,0.015085933544725365
2024-01-24 16:00:00+00:00,2024-01-26 10:40:00+00:00,-1,40046.7,40678.099,-0.016566567532406037,trail/sl,2024,0.9689191281678796,0.01381886647339217,0.02958543400579821
2024-01-26 16:00:00+00:00,2024-01-26 20:11:00+00:00,-1,41399.8,42227.796,-0.020799999999999978,trail/sl,2024,0.8588355147225423,0.000386475296982111,0.02038647529698209
2024-01-27 00:00:00+00:00,2024-01-27 20:25:00+00:00,-1,41806.4,41980.50149999999,-0.004964470033296093,trail/sl,2024,1.220030871479825,0.010675398981974121,0.014839869015270214
2024-01-29 00:00:00+00:00,2024-01-30 13:14:00+00:00,1,42021.2,43229.68,0.02795881697809685,trail/sl,2024,1.1167456174128376,0.04442519490162116,0.01566637792352431
2024-02-07 08:00:00+00:00,2024-02-09 18:56:00+00:00,1,42904.9,47506.8455,0.10645920582497574,trail/sl,2024,1.0045346242794915,0.12412102114210734,0.0168618153171316
2024-02-12 16:00:00+00:00,2024-02-13 23:53:00+00:00,-1,49925.5,49750.03,0.0027146368088452025,trail/sl,2024,0.8331016925801972,0.03253848233868464,0.029023845529839443
2024-02-14 00:00:00+00:00,2024-02-17 13:33:00+00:00,1,49696.4,51273.229999999996,0.030929260067127488,trail/sl,2024,0.8150837478802605,0.0636384124403377,0.031909152373210216
2024-02-17 16:00:00+00:00,2024-02-20 15:29:00+00:00,1,51013.4,51498.173,0.008702856112315608,trail/sl,2024,0.7699227833542248,0.04072459393022226,0.031221737817906648
2024-02-21 08:00:00+00:00,2024-02-21 12:07:00+00:00,1,51599.9,50567.902,-0.02079999999999999,trail/sl,2024,0.766363369320192,0.00456783830976411,0.024567838309764098
2024-02-22 00:00:00+00:00,2024-02-23 14:46:00+00:00,1,51877.9,50840.342,-0.020800000000000086,trail/sl,2024,0.9023813675883502,0.0048749081979031815,0.024874908197903268
2024-02-24 16:00:00+00:00,2024-02-27 03:52:00+00:00,1,51124.7,56046.6,0.09547244756448453,trail/sl,2024,0.633484633380032,0.13017778099431396,0.03390533342982943
2024-02-27 08:00:00+00:00,2024-02-27 12:33:00+00:00,-1,56100.1,57222.102,-0.020800000000000006,trail/sl,2024,0.7668483791217837,0.0004367193641366058,0.020436719364136612
2024-03-14 00:00:00+00:00,2024-03-14 20:28:00+00:00,-1,73127.6,70658.0,0.032971106941838725,trail/sl,2024,0.9164563721321042,0.0619136960600376,0.02814258911819887
2024-03-15 08:00:00+00:00,2024-03-15 08:52:00+00:00,1,68487.4,67117.65199999999,-0.0208000000000001,trail/sl,2024,0.7082321269220784,0.0026004783361611894,0.02260047833616129
2024-03-15 16:00:00+00:00,2024-03-15 19:50:00+00:00,1,68199.2,68594.423,0.00499512662905134,trail/sl,2024,0.7489345268808373,0.03690219240108384,0.0311070657720325
2024-03-16 00:00:00+00:00,2024-03-16 11:22:00+00:00,1,69552.1,68161.058,-0.020800000000000016,trail/sl,2024,0.8029929908661223,0.007843041403494646,0.027843041403494664
2024-03-17 00:00:00+00:00,2024-03-17 07:22:00+00:00,1,65351.0,64631.778999999995,-0.011805508714480346,trail/sl,2024,0.7131094344709402,0.019581949778886276,0.030587458493366623
2024-03-17 08:00:00+00:00,2024-03-18 01:03:00+00:00,1,65681.1,66903.22799999999,0.017806996533249023,trail/sl,2024,0.7413263580130481,0.050110305704380534,0.03150330917113151
2024-03-18 08:00:00+00:00,2024-03-19 16:02:00+00:00,-1,68262.9,64284.463,0.05748110144749184,trail/sl,2024,0.7730985994377426,0.08570980723057468,0.02742870578308284
2024-03-20 00:00:00+00:00,2024-03-20 04:31:00+00:00,1,61974.1,61637.776999999995,-0.0062268315312365005,trail/sl,2024,0.7305322996193785,0.025333163369859343,0.030759994901095843
2024-03-20 08:00:00+00:00,2024-03-20 16:28:00+00:00,1,62995.1,62516.5,-0.008397416306982583,trail/sl,2024,0.7513863061427325,0.023095447106203523,0.030692863413186108
2024-03-21 00:00:00+00:00,2024-03-22 06:05:00+00:00,-1,67876.4,66486.603,0.01967540824203982,trail/sl,2024,0.9118479595711895,0.04900525072042707,0.028529842478387253
2024-03-22 08:00:00+00:00,2024-03-22 10:26:00+00:00,1,66223.3,64898.834,-0.020800000000000003,trail/sl,2024,0.8929179472747054,0.002864550694393017,0.02286455069439302
2024-03-22 16:00:00+00:00,2024-03-22 21:36:00+00:00,1,63920.0,62641.6,-0.02080000000000002,trail/sl,2024,0.8729654510676841,0.0038798498122653317,0.023879849812265354
2024-03-23 00:00:00+00:00,2024-03-23 23:56:00+00:00,1,63826.1,64068.5,0.0029978193873666332,trail/sl,2024,0.8814527121680706,0.03484311277048106,0.03104529338311443
2024-03-24 00:00:00+00:00,2024-03-24 08:59:00+00:00,-1,64020.4,65300.808000000005,-0.020800000000000048,trail/sl,2024,0.8593624845742546,0.0030990121898645034,0.023099012189864553
2024-03-24 16:00:00+00:00,2024-03-24 21:57:00+00:00,-1,65718.6,66574.05,-0.013816862805963564,trail/sl,2024,0.8463794044376017,0.01648848271265678,0.029505345518620343
2024-03-25 00:00:00+00:00,2024-03-25 14:00:00+00:00,-1,67260.9,68420.42800000001,-0.018039257874932095,trail/sl,2024,0.8683129787197965,0.012389070024337891,0.029628327899269988
2024-03-25 16:00:00+00:00,2024-03-26 07:22:00+00:00,-1,69844.5,71241.39,-0.02079999999999999,trail/sl,2024,0.9118840660613658,0.004849343899662781,0.02484934389966277
2024-03-26 08:00:00+00:00,2024-03-27 13:15:00+00:00,-1,70535.0,71399.6,-0.013057744382221676,trail/sl,2024,0.9332622531524698,0.017225490891047,0.029483235273268675
2024-03-28 16:00:00+00:00,2024-03-30 08:20:00+00:00,-1,71335.2,70035.0,0.017426625845304945,trail/sl,2024,1.0076089486904338,0.03273559196581768,0.014508966120512733
2024-03-31 00:00:00+00:00,2024-04-01 05:10:00+00:00,1,69642.0,70423.0675,0.01041546624163586,trail/sl,2024,1.0467624547083756,0.02661468653973177,0.01539922029809591
2024-04-02 00:00:00+00:00,2024-04-02 02:34:00+00:00,1,69700.0,68306.0,-0.0208,trail/sl,2024,0.9850716652131565,0.0004533715925395383,0.02045337159253954
2024-04-02 08:00:00+00:00,2024-04-02 11:30:00+00:00,1,66503.4,65173.331999999995,-0.02079999999999999,trail/sl,2024,0.9171405864054077,0.0036780074402211894,0.02367800744022118
2024-04-02 16:00:00+00:00,2024-04-03 11:09:00+00:00,1,64928.2,65696.0525,0.011026178763619016,trail/sl,2024,1.06224821589352,0.02723469925240501,0.015408520488785995
2024-04-04 00:00:00+00:00,2024-04-04 13:15:00+00:00,-1,65971.8,67053.0,-0.017188820677925976,trail/sl,2024,0.9117060989435994,0.013214737205897109,0.029603557883823087
2024-04-04 16:00:00+00:00,2024-04-04 18:00:00+00:00,-1,67631.7,68984.334,-0.02080000000000008,trail/sl,2024,0.8865224268006366,0.0017299579930712965,0.021729957993071376
2024-04-06 00:00:00+00:00,2024-04-09 00:01:00+00:00,1,67825.8,71663.2,0.05577729064751162,trail/sl,2024,1.0254794309900124,0.07467070052988672,0.0180934098823751
2024-04-09 08:00:00+00:00,2024-04-09 14:42:00+00:00,1,70444.1,69035.21800000001,-0.020799999999999964,trail/sl,2024,0.96461806550301,0.008577013546911623,0.02857701354691159
2024-04-10 00:00:00+00:00,2024-04-10 12:38:00+00:00,1,69189.2,67805.416,-0.020799999999999996,trail/sl,2024,0.9251972990200155,0.006659998959375205,0.0266599989593752
2024-04-10 16:00:00+00:00,2024-04-12 14:59:00+00:00,1,68688.0,69269.83399999999,0.0076706790123455045,trail/sl,2024,0.8167260446175395,0.03966049382716045,0.031189814814814944
2024-04-13 00:00:00+00:00,2024-04-13 01:51:00+00:00,1,67136.4,65793.67199999999,-0.02080000000000004,trail/sl,2024,0.7440628224456816,0.0006062285138912966,0.02060622851389134
2024-04-13 08:00:00+00:00,2024-04-13 19:49:00+00:00,1,67466.1,66116.778,-0.0208,trail/sl,2024,0.8241862720694012,0.007231780108824938,0.02723178010882494
2024-04-14 00:00:00+00:00,2024-04-14 03:03:00+00:00,1,63939.7,62660.905999999995,-0.020800000000000027,trail/sl,2024,0.7489382893399097,0.005589641490341704,0.025589641490341732
2024-04-14 08:00:00+00:00,2024-04-14 17:21:00+00:00,1,64449.9,63160.902,-0.020799999999999992,trail/sl,2024,0.801750250557729,0.0068533853427235275,0.02685338534272352
2024-04-15 00:00:00+00:00,2024-04-15 09:21:00+00:00,-1,65615.9,66588.67599999999,-0.015625309109529827,trail/sl,2024,0.8077068672917977,0.014732709602398156,0.02955801871192798
2024-04-16 00:00:00+00:00,2024-04-16 04:42:00+00:00,1,63392.8,62124.944,-0.020799999999999996,trail/sl,2024,0.7625511749056372,0.00767910551355983,0.02767910551355983
2024-04-16 08:00:00+00:00,2024-04-16 10:25:00+00:00,1,63488.0,62218.24,-0.02080000000000003,trail/sl,2024,0.7990445875658421,0.002502835181451636,0.02250283518145167
2024-04-16 16:00:00+00:00,2024-04-17 11:54:00+00:00,1,61749.2,62548.801,0.012149171811132814,trail/sl,2024,0.8452540747657986,0.044277496712508115,0.0313283249013753
2024-04-18 00:00:00+00:00,2024-04-19 01:12:00+00:00,1,61254.5,62177.0,0.014260118032144577,trail/sl,2024,0.666109966322214,0.046453729930045956,0.03139361189790138
2024-04-19 16:00:00+00:00,2024-04-20 15:47:00+00:00,-1,64417.6,64797.3,-0.006694351854151729,trail/sl,2024,0.7624809153787345,0.023403541889173124,0.02929789374332485
2024-04-21 00:00:00+00:00,2024-04-22 05:42:00+00:00,-1,64897.2,66140.626,-0.019959932940096133,trail/sl,2024,0.7696631613927141,0.010524336951363079,0.02968426989145921
2024-04-22 08:00:00+00:00,2024-04-25 17:02:00+00:00,-1,65943.8,64602.939000000006,0.01953338994719742,trail/sl,2024,0.712757273870845,0.04886736888077423,0.028533978933576815
2024-04-26 00:00:00+00:00,2024-04-27 00:42:00+00:00,1,64478.8,63189.224,-0.020800000000000013,trail/sl,2024,0.709827099592461,0.004719380633634553,0.024719380633634568
2024-04-28 00:00:00+00:00,2024-04-29 03:09:00+00:00,1,63420.9,62419.5,-0.016589747543790792,trail/sl,2024,0.7963984268380307,0.014649744800215678,0.03043949234400647
2024-04-30 08:00:00+00:00,2024-04-30 22:34:00+00:00,-1,63123.7,60924.5,0.03403952936852556,trail/sl,2024,0.6412769918397138,0.06295099938691802,0.028111470018392454
2024-05-01 00:00:00+00:00,2024-05-01 07:00:00+00:00,1,60651.2,59438.176,-0.02079999999999996,trail/sl,2024,0.6852316712807643,0.002728717651093466,0.022728717651093428
2024-05-01 08:00:00+00:00,2024-05-01 19:31:00+00:00,1,57482.0,57655.054,0.0022105772241744624,trail/sl,2024,0.8414520412592686,0.034031522911520076,0.031020945687345612
2024-05-02 00:00:00+00:00,2024-05-02 01:35:00+00:00,1,58307.7,57141.545999999995,-0.020800000000000037,trail/sl,2024,0.8970167954903504,0.0045174136520562715,0.02451741365205631
2024-05-21 08:00:00+00:00,2024-05-23 21:02:00+00:00,-1,70926.3,68141.29800000001,0.03846613964072555,trail/sl,2024,0.868289106605159,0.0672486792628404,0.02798253962211484
2024-05-24 00:00:00+00:00,2024-05-24 08:27:00+00:00,1,67999.9,66639.90199999999,-0.0208000000000001,trail/sl,2024,0.8912723608717019,0.000632353871108634,0.020632353871108736
2024-05-25 08:00:00+00:00,2024-05-27 15:00:00+00:00,-1,68775.1,69798.50499999999,-0.015680458189082737,trail/sl,2024,0.927425145538506,0.009016344578197716,0.023896802767280456
2024-05-27 16:00:00+00:00,2024-05-30 17:23:00+00:00,-1,70421.4,69142.87,0.01735541866534887,trail/sl,2024,0.9479328226728706,0.04675283365567845,0.02859741499032958
2024-06-02 00:00:00+00:00,2024-06-07 17:58:00+00:00,1,67799.2,69979.68,0.03136085145547434,trail/sl,2024,0.7264763784602549,0.06408335201595304,0.0319225005604787
2024-06-08 00:00:00+00:00,2024-06-11 02:18:00+00:00,1,69377.0,68116.019,-0.018975778716289256,trail/sl,2024,0.6023120926508662,0.012189918849186288,0.030365697565475545
2024-06-11 08:00:00+00:00,2024-06-11 15:44:00+00:00,1,67582.1,66230.458,-0.020800000000000103,trail/sl,2024,0.5480091295323443,0.0016084140623034366,0.02160841406230354
2024-06-11 16:00:00+00:00,2024-06-12 19:45:00+00:00,1,66266.0,67927.16,0.024268059034799196,trail/sl,2024,0.75821279628924,0.05677119488123623,0.03170313584643703
2024-06-13 16:00:00+00:00,2024-06-14 16:29:00+00:00,1,66464.3,65345.505,-0.017633021637179738,trail/sl,2024,0.7726102838886855,0.013574204497752885,0.030407226134932623
2024-06-15 00:00:00+00:00,2024-06-18 01:28:00+00:00,1,66039.7,65262.182,-0.012573493822655107,trail/sl,2024,0.7222580058109532,0.018790212553963886,0.030563706376618992
2024-06-18 08:00:00+00:00,2024-06-18 14:08:00+00:00,1,65646.3,64333.374,-0.02079999999999999,trail/sl,2024,0.7337951749552071,0.0011927557227140433,0.021192755722714035
2024-06-18 16:00:00+00:00,2024-06-21 03:58:00+00:00,1,64676.7,64472.99,-0.003949665953890646,trail/sl,2024,0.5122701441732253,0.027680756748566376,0.030830422702457023
2024-06-21 08:00:00+00:00,2024-06-24 00:33:00+00:00,1,64179.5,62895.909999999996,-0.020800000000000058,trail/sl,2024,0.5223803758484242,0.005305432420009504,0.025305432420009565
2024-06-24 16:00:00+00:00,2024-06-24 19:49:00+00:00,1,60823.3,59606.834,-0.020800000000000003,trail/sl,2024,0.5745282206117839,0.0032109405441663906,0.023210940544166395
2024-06-25 00:00:00+00:00,2024-06-28 19:17:00+00:00,1,60273.5,60591.147,0.004470093822326515,trail/sl,2024,0.9470400911241555,0.03636092146631602,0.031090827643989502
2024-06-29 16:00:00+00:00,2024-06-30 20:34:00+00:00,-1,61107.8,62329.956000000006,-0.02080000000000004,trail/sl,2024,0.8722992762240674,0.0065916298737641165,0.026591629873764157
2024-07-01 00:00:00+00:00,2024-07-01 17:33:00+00:00,-1,62766.1,63439.73299999999,-0.011532433590743959,trail/sl,2024,1.0187484619362066,0.004204498925375345,0.014936932516119304
2024-07-05 16:00:00+00:00,2024-07-07 04:51:00+00:00,1,56637.5,57594.92,0.016104347826086926,trail/sl,2024,1.0797539231966422,0.03239020083866696,0.015485853012580039
2024-07-19 16:00:00+00:00,2024-07-19 19:23:00+00:00,-1,65791.5,67107.33,-0.020800000000000027,trail/sl,2024,0.9079113870498668,0.00011399648890814163,0.02011399648890817
2024-07-20 00:00:00+00:00,2024-07-21 20:19:00+00:00,-1,66627.9,67722.5,-0.017228553203688032,trail/sl,2024,0.871368570166775,0.013176161938166958,0.02960471514185499
2024-07-23 00:00:00+00:00,2024-07-23 13:32:00+00:00,1,67499.2,66149.216,-0.02079999999999995,trail/sl,2024,0.8076797223011409,0.003408929291013906,0.023408929291013857
2024-07-23 16:00:00+00:00,2024-07-24 21:31:00+00:00,1,66552.8,65221.744,-0.02080000000000006,trail/sl,2024,0.8417552996809974,0.008031217319181161,0.028031217319181224
2024-07-25 00:00:00+00:00,2024-07-25 02:28:00+00:00,1,65350.7,64043.685999999994,-0.020800000000000044,trail/sl,2024,0.8302008866633481,0.003911205235751198,0.023911205235751243
2024-07-25 08:00:00+00:00,2024-07-27 20:21:00+00:00,1,64115.0,67300.249,0.04888024643219209,trail/sl,2024,0.9706900011043972,0.08214458395071352,0.03246433751852142
2024-07-28 08:00:00+00:00,2024-07-29 15:06:00+00:00,1,67517.6,67978.56999999999,0.006027405002547285,trail/sl,2024,0.946713025578398,0.03796639690984268,0.031138991907295396
2024-07-29 16:00:00+00:00,2024-07-31 16:01:00+00:00,-1,68067.3,66349.6,0.02443531857441087,trail/sl,2024,1.0920895559597132,0.04132380746702165,0.01608848889261078
2024-08-01 00:00:00+00:00,2024-08-01 14:55:00+00:00,1,64601.8,63953.291999999994,-0.01083854381766466,trail/sl,2024,1.0003818780882252,0.005037011352624759,0.015075555170289419
2024-08-02 00:00:00+00:00,2024-08-03 21:45:00+00:00,-1,65329.0,60696.99999999999,0.07010266191124934,trail/sl,2024,1.0057312316723317,0.08463316444458051,0.013730502533331176
2024-08-04 00:00:00+00:00,2024-08-04 14:52:00+00:00,1,60684.5,59470.81,-0.020800000000000037,trail/sl,2024,0.9277342857234109,0.00667386235364879,0.02667386235364883
2024-08-05 00:00:00+00:00,2024-08-05 00:37:00+00:00,1,58144.5,56981.61,-0.02079999999999999,trail/sl,2024,0.8338569296640871,0.0024490708493494907,0.02244907084934948
2024-08-05 08:00:00+00:00,2024-08-05 10:16:00+00:00,1,52645.6,51604.0,-0.020585129241570018,trail/sl,2024,0.6412357560292279,0.010530794596319568,0.030315923837889586
2024-08-05 16:00:00+00:00,2024-08-05 17:07:00+00:00,1,54289.7,53857.31,-0.00876449418582161,trail/sl,2024,0.6970210482801679,0.022717016303276737,0.030681510489098347
2024-08-06 00:00:00+00:00,2024-08-06 09:07:00+00:00,1,54003.5,54567.156,0.009637397576083081,trail/sl,2024,0.6985280718830741,0.04168803873822998,0.0312506411621469
2024-08-06 16:00:00+00:00,2024-08-07 02:26:00+00:00,-1,56370.0,57181.789000000004,-0.01520108213588796,trail/sl,2024,0.8181662321449673,0.015144580450594237,0.029545662586482196
2024-08-07 08:00:00+00:00,2024-08-08 01:44:00+00:00,-1,56898.8,56155.39400000001,0.012265407354812323,trail/sl,2024,0.8596793066319612,0.04181107510175961,0.028745667746947288
2024-08-08 16:00:00+00:00,2024-08-08 21:42:00+00:00,-1,59391.9,60579.738000000005,-0.020800000000000055,trail/sl,2024,0.7815974321310885,0.003002092877985094,0.02300209287798515
2024-08-09 00:00:00+00:00,2024-08-09 16:52:00+00:00,-1,61659.8,60392.49999999999,0.019753099426206542,trail/sl,2024,1.015208156554994,0.03502768416375017,0.014474584737543629
2024-08-11 00:00:00+00:00,2024-08-12 11:08:00+00:00,-1,60889.8,59343.450000000004,0.024595879112757776,trail/sl,2024,0.9327360370118027,0.05378240690559014,0.028386527792832367
2024-08-14 00:00:00+00:00,2024-08-14 12:29:00+00:00,-1,60550.4,61761.408,-0.020800000000000023,trail/sl,2024,0.9332436419048461,0.002649032871789475,0.0226490328717895
2024-08-14 16:00:00+00:00,2024-08-15 13:35:00+00:00,-1,59396.9,59409.988,-0.0010203481999901695,trail/sl,2024,0.9053403175394371,0.0289122833009804,0.02913263150097057
2024-08-15 16:00:00+00:00,2024-08-15 22:29:00+00:00,-1,59643.3,57648.07,0.032652709692455026,trail/sl,2024,0.8757195474491382,0.06160457251694663,0.0281518628244916
2024-08-16 08:00:00+00:00,2024-08-16 17:58:00+00:00,-1,58423.4,59225.0,-0.014520529787722019,trail/sl,2024,0.8440737237793786,0.015805310885706778,0.029525840673428796
2024-08-17 00:00:00+00:00,2024-08-18 02:58:00+00:00,-1,58854.9,60031.998,-0.020799999999999968,trail/sl,2024,0.959294498727901,0.001452725261617979,0.02145272526161795
2024-08-18 16:00:00+00:00,2024-08-19 23:27:00+00:00,-1,59828.8,59482.5,0.0049881822801059504,trail/sl,2024,0.8826649851213443,0.034745808038937814,0.028957625758831863
2024-08-20 16:00:00+00:00,2024-08-21 13:59:00+00:00,-1,58783.7,59959.373999999996,-0.020799999999999985,trail/sl,2024,0.7684151074613809,0.004807455127867054,0.024807455127867042
2024-08-22 00:00:00+00:00,2024-08-23 14:02:00+00:00,-1,61120.0,61467.928,-0.006492539267015705,trail/sl,2024,0.749069832689832,0.0235994764397906,0.029292015706806306
2024-08-23 16:00:00+00:00,2024-08-23 17:47:00+00:00,-1,61498.6,62728.572,-0.020800000000000023,trail/sl,2024,0.8076294979928657,0.0032293418061549134,0.02322934180615494
2024-08-24 00:00:00+00:00,2024-08-27 23:27:00+00:00,-1,64020.0,59666.046,0.06720927835051543,trail/sl,2024,0.6287335441613124,0.09515463917525778,0.02714536082474235
2024-08-28 00:00:00+00:00,2024-08-28 16:15:00+00:00,1,59384.4,58391.866,-0.017513716060110054,trail/sl,2024,0.8385228641477354,0.013697199938030888,0.03041091599814094
2024-08-29 00:00:00+00:00,2024-08-29 18:38:00+00:00,1,59010.0,59310.553,0.00429325538044399,trail/sl,2024,0.9327931196707419,0.03617861379427218,0.03108535841382819
2024-08-30 08:00:00+00:00,2024-08-30 15:02:00+00:00,1,59236.0,58117.453,-0.019682892160172844,trail/sl,2024,0.8676935743416028,0.011460935917347584,0.03034382807752043
2024-08-31 00:00:00+00:00,2024-09-01 02:07:00+00:00,1,59096.4,58544.46,-0.010139655207423841,trail/sl,2024,1.0311434130874468,0.005746542936625556,0.015086198144049396
2024-09-02 00:00:00+00:00,2024-09-03 06:24:00+00:00,1,57268.1,58893.15,0.02757618150418825,trail/sl,2024,1.0152500621851546,0.04403673249156165,0.0156605509873734
2024-09-09 00:00:00+00:00,2024-09-09 16:12:00+00:00,-1,54839.6,55936.392,-0.020800000000000023,trail/sl,2024,0.7773917364751423,0.005153210453759665,0.025153210453759692
2024-09-10 00:00:00+00:00,2024-09-11 16:54:00+00:00,-1,57010.1,57180.655999999995,-0.003791680421539286,trail/sl,2024,0.9730484550200617,0.02622166949365115,0.029213349915190437
2024-09-12 08:00:00+00:00,2024-09-13 15:28:00+00:00,-1,58101.7,59029.3,-0.016765109454628793,trail/sl,2024,0.7882758253179462,0.013626107325603161,0.029591216780231955
2024-09-13 16:00:00+00:00,2024-09-17 10:36:00+00:00,-1,59623.6,59169.689000000006,0.006812941855238408,trail/sl,2024,0.930783137081781,0.036517419276930536,0.028904477421692127
2024-09-17 16:00:00+00:00,2024-09-18 18:01:00+00:00,-1,61111.0,60912.14,0.002454078643779362,trail/sl,2024,0.8944091404726983,0.03228551324638772,0.029031434602608354
2024-09-19 00:00:00+00:00,2024-09-19 12:06:00+00:00,-1,61735.3,62970.006,-0.02079999999999997,trail/sl,2024,0.7526921561882586,0.003260695258628417,0.02326069525862839
2024-09-19 16:00:00+00:00,2024-09-23 03:09:00+00:00,-1,63129.0,64189.6,-0.01760051957103706,trail/sl,2024,0.6743039154587338,0.012815029542682444,0.029615549113719504
2024-09-23 08:00:00+00:00,2024-09-24 20:08:00+00:00,-1,63519.9,64568.846,-0.017313659498834164,trail/sl,2024,0.712557351129752,0.013093534467151308,0.029607193965985473
2024-09-25 00:00:00+00:00,2024-09-26 12:24:00+00:00,-1,64243.2,64513.432,-0.005006390715281985,trail/sl,2024,0.6613414472781947,0.0250423391113767,0.029248729826658684
2024-09-26 16:00:00+00:00,2024-10-02 16:02:00+00:00,-1,65200.0,61932.046,0.04932199386503064,trail/sl,2024,0.8996289267995251,0.07778834355828225,0.02766634969325161
2024-10-03 00:00:00+00:00,2024-10-04 00:22:00+00:00,1,60622.7,60530.810999999994,-0.0023157523501923017,trail/sl,2024,1.1534542722695456,0.013689591522647482,0.015205343872839783
2024-10-05 16:00:00+00:00,2024-10-07 00:47:00+00:00,-1,62131.5,63374.130000000005,-0.020800000000000072,trail/sl,2024,0.8605671715643076,0.007397213973588253,0.027397213973588325
2024-10-07 08:00:00+00:00,2024-10-11 01:56:00+00:00,-1,63509.9,60667.0,0.043963099926153264,trail/sl,2024,0.9376510911721782,0.07258553390888667,0.027822433982733402
2024-10-11 08:00:00+00:00,2024-10-15 03:33:00+00:00,1,60643.2,65535.005,0.0798653507730463,trail/sl,2024,1.0524229112301977,0.09712218352593537,0.016456832752889075
2024-11-14 16:00:00+00:00,2024-11-14 21:10:00+00:00,1,87999.9,87070.983,-0.011355886995326147,trail/sl,2024,0.9767600563478047,0.020045477324406053,0.030601364319732198
2024-11-16 16:00:00+00:00,2024-11-18 06:42:00+00:00,-1,90577.9,91398.183,-0.009856105297208375,trail/sl,2024,0.9682402968937188,0.020333878352224864,0.029389983649433238
2024-11-18 08:00:00+00:00,2024-11-18 15:42:00+00:00,-1,91795.9,92104.763,-0.004164670971143723,trail/sl,2024,0.9568502668622825,0.02585954274646241,0.029224213717606133
2024-11-18 16:00:00+00:00,2024-11-19 12:26:00+00:00,-1,92407.8,92397.386,-0.000687303885602684,trail/sl,2024,0.8561982995296171,0.02923562729553139,0.029122931181134074
2024-11-19 16:00:00+00:00,2024-11-20 13:15:00+00:00,-1,92455.5,94074.432,-0.018310391485633636,trail/sl,2024,0.860879296084049,0.012125833509093627,0.029636224994727265
2024-11-20 16:00:00+00:00,2024-11-21 03:36:00+00:00,-1,94737.6,95886.099,-0.012922948016415827,trail/sl,2024,0.8455507759508285,0.017356361149110835,0.029479309165526664
2024-11-21 08:00:00+00:00,2024-11-21 18:30:00+00:00,-1,96950.0,98493.75,-0.016723156266116552,trail/sl,2024,0.8895325330228466,0.013666838576585868,0.029589994842702423
2024-11-22 08:00:00+00:00,2024-11-25 09:11:00+00:00,-1,99252.6,98696.763,0.004800226089795123,trail/sl,2024,0.8508898411723329,0.03456332630077197,0.028963100210976846
2024-11-25 16:00:00+00:00,2024-11-26 16:28:00+00:00,-1,96040.4,94299.59,0.01732580955514552,trail/sl,2024,0.9130474257476195,0.04672408694674319,0.02859827739159767
2024-11-27 00:00:00+00:00,2024-11-29 17:14:00+00:00,1,92021.5,97232.6005,0.055829162750009514,trail/sl,2024,1.0455541956394796,0.0727199621827508,0.016090799432741283
2024-11-30 00:00:00+00:00,2024-12-04 01:34:00+00:00,-1,97516.2,96413.15000000001,0.010511453891763506,trail/sl,2024,0.9467930163177225,0.040108207661906405,0.0287967537701429
2024-12-04 08:00:00+00:00,2024-12-04 20:06:00+00:00,-1,96652.2,97490.32400000001,-0.009471546017576535,trail/sl,2024,0.9462217211684119,0.020707236876139335,0.02937878289371587
2024-12-05 00:00:00+00:00,2024-12-05 02:33:00+00:00,-1,98669.8,100643.19600000001,-0.02080000000000008,trail/sl,2024,0.8651904776732005,0.007087274931133973,0.027087274931134053
2024-12-05 08:00:00+00:00,2024-12-05 22:29:00+00:00,-1,102292.1,92906.0,0.09095781903001313,trail/sl,2024,0.8937275365665257,0.11821147478642051,0.026453655756407388
2024-12-06 00:00:00+00:00,2024-12-07 05:45:00+00:00,1,97001.6,98929.136,0.01907117738264104,trail/sl,2024,0.7040555648125455,0.05141358493055782,0.031542407547916776
2024-12-08 16:00:00+00:00,2024-12-09 21:15:00+00:00,-1,99974.9,96860.891,0.03034790812493927,trail/sl,2024,0.636103176980429,0.05936690109217411,0.02821899296723484
2024-12-10 00:00:00+00:00,2024-12-10 16:01:00+00:00,1,97349.1,95402.118,-0.020800000000000034,trail/sl,2024,0.7717448350474269,0.009979547833518747,0.029979547833518784
2024-12-11 00:00:00+00:00,2024-12-12 19:42:00+00:00,1,96602.3,99462.24799999999,0.02880538206647243,trail/sl,2024,0.782271775199701,0.06144884749120871,0.031843465424736275
2024-12-13 00:00:00+00:00,2024-12-16 12:48:00+00:00,1,99982.3,103465.826,0.034041426932567044,trail/sl,2024,0.7339091962585648,0.0668468318892444,0.03200540495667735
2024-12-16 16:00:00+00:00,2024-12-19 08:28:00+00:00,-1,106281.1,101706.32,0.04224415366419804,trail/sl,2024,0.8153945470763271,0.07091665404291078,0.027872500378712736
2024-12-19 16:00:00+00:00,2024-12-19 17:49:00+00:00,1,100631.1,98618.478,-0.020800000000000027,trail/sl,2024,0.852514354162513,0.005280673668478176,0.025280673668478203
2024-12-20 00:00:00+00:00,2024-12-20 08:52:00+00:00,1,97434.3,95485.614,-0.020800000000000013,trail/sl,2024,0.9881600409195335,0.008299951865000283,0.028299951865000297
2024-12-20 16:00:00+00:00,2024-12-21 11:23:00+00:00,1,96961.4,97992.725,0.009836449143679976,trail/sl,2024,1.243498255609693,0.02602685192251768,0.015390402778837704
2024-12-24 16:00:00+00:00,2024-12-25 00:10:00+00:00,-1,98243.5,98684.593,-0.005289793217871854,trail/sl,2024,1.074349920439773,0.010354883529190256,0.014844676747062111
2024-12-31 16:00:00+00:00,2025-01-02 04:38:00+00:00,-1,95389.3,95580.395,-0.0028033169338699533,trail/sl,2024,0.814295019200692,0.02718124569527193,0.02918456262914188
2025-01-02 08:00:00+00:00,2025-01-02 19:25:00+00:00,-1,95815.4,97731.708,-0.020800000000000048,trail/sl,2025,0.8775567509016897,0.002117613661269422,0.02211761366126947
2025-01-04 16:00:00+00:00,2025-01-07 15:01:00+00:00,1,97623.5,99679.23700000001,0.020257808826768232,trail/sl,2025,0.8713272781754289,0.05263691631625588,0.031579107489487654
2025-01-07 16:00:00+00:00,2025-01-08 06:32:00+00:00,1,97915.4,95957.09199999999,-0.020800000000000048,trail/sl,2025,0.8565904347374461,0.0040085624937446,0.02400856249374465
2025-01-08 08:00:00+00:00,2025-01-08 16:46:00+00:00,1,95628.3,94658.5,-0.010941349370426985,trail/sl,2025,1.4496010290991546,0.0049326402330690505,0.015073989603496036
2025-01-13 08:00:00+00:00,2025-01-13 10:33:00+00:00,1,93557.9,91686.742,-0.020799999999999954,trail/sl,2025,0.9979508717771182,0.0007289603550316077,0.020728960355031564
2025-01-13 16:00:00+00:00,2025-01-16 03:35:00+00:00,1,92093.7,99337.25,0.07785413160726525,trail/sl,2025,1.1736761038029795,0.09508033665712208,0.01642620504985684
2025-01-20 08:00:00+00:00,2025-01-20 16:42:00+00:00,-1,107178.8,106813.06,0.0026124285772933195,trail/sl,2025,0.727772850432013,0.03243925104591582,0.029026822468622503
2025-01-21 08:00:00+00:00,2025-01-22 13:52:00+00:00,1,101980.7,104024.352,0.019239595727426877,trail/sl,2025,0.6692708019207477,0.05158721209013087,0.03154761636270399
2025-01-22 16:00:00+00:00,2025-01-23 04:15:00+00:00,1,104138.1,102055.338,-0.02080000000000002,trail/sl,2025,0.6884046174992045,0.006399194915213492,0.026399194915213513
2025-01-23 08:00:00+00:00,2025-01-23 15:08:00+00:00,1,102668.3,102820.0,0.0006775738957399419,trail/sl,2025,0.6210350620668778,0.03245110710901025,0.03097353321327031
2025-01-24 00:00:00+00:00,2025-01-26 23:01:00+00:00,1,103864.0,103864.205,-0.000798026265115904,trail/sl,2025,0.43902304662440705,0.030929869829777402,0.030927896094893305
2025-01-27 00:00:00+00:00,2025-01-27 04:37:00+00:00,1,102560.0,100508.8,-0.02079999999999997,trail/sl,2025,0.4370111621962407,0.0064011310452418094,0.026401131045241784
2025-01-27 16:00:00+00:00,2025-01-27 17:21:00+00:00,1,101070.8,99049.384,-0.02079999999999997,trail/sl,2025,0.49195960334771843,0.0013485596235510444,0.021348559623551016
2025-01-28 00:00:00+00:00,2025-01-28 21:44:00+00:00,1,102021.3,100683.09,-0.01391696675106087,trail/sl,2025,0.5253650367898511,0.017405188916432127,0.030522155667492997
2025-01-29 00:00:00+00:00,2025-01-31 18:37:00+00:00,1,101279.7,103256.5,0.01871822527120443,trail/sl,2025,0.4467483978100286,0.05104971677443755,0.031531491503233124
2025-02-01 08:00:00+00:00,2025-02-02 03:10:00+00:00,1,102127.0,100084.45999999999,-0.02080000000000008,trail/sl,2025,0.4542423128775292,0.0016645940838367914,0.02166459408383687
2025-02-02 16:00:00+00:00,2025-02-02 17:50:00+00:00,1,99298.6,97312.628,-0.020800000000000086,trail/sl,2025,0.4554690827689593,0.0002054409629138193,0.020205440962913906
2025-02-03 00:00:00+00:00,2025-02-03 00:44:00+00:00,1,97664.5,95711.20999999999,-0.020800000000000082,trail/sl,2025,0.4763456241144392,0.0008549677723225942,0.020854967772322677
2025-02-03 08:00:00+00:00,2025-02-04 05:05:00+00:00,1,95271.1,99382.31999999999,0.042352855377968616,trail/sl,2025,0.4523952164564173,0.07541531482264814,0.03226245944467952
2025-02-05 00:00:00+00:00,2025-02-05 23:31:00+00:00,1,97710.0,96150.47399999999,-0.016760761436905254,trail/sl,2025,0.6407072806850784,0.01447344181762355,0.030434203254528808
2025-02-06 00:00:00+00:00,2025-02-06 18:21:00+00:00,1,96553.2,96120.20999999999,-0.005284470737375926,trail/sl,2025,0.6100723779793734,0.026304669342911504,0.03078914008028743
2025-02-07 00:00:00+00:00,2025-02-07 17:21:00+00:00,1,96515.0,97109.02799999999,0.005354773869346642,trail/sl,2025,0.6210902329212225,0.03727296275190379,0.031118188882557147
2025-02-10 00:00:00+00:00,2025-02-11 18:46:00+00:00,1,96423.6,95527.734,-0.010090941221858643,trail/sl,2025,0.6287927245997902,0.021349545132104495,0.030640486353963138
2025-02-13 00:00:00+00:00,2025-02-14 17:45:00+00:00,-1,97816.3,98014.903,-0.0028303671269512627,trail/sl,2025,0.5061169894105667,0.027154983371891976,0.02918535049884324
2025-02-16 16:00:00+00:00,2025-02-18 16:36:00+00:00,1,96850.0,94913.0,-0.0208,trail/sl,2025,0.4466520690334502,0.004105317501290715,0.024105317501290715
2025-02-20 16:00:00+00:00,2025-02-21 09:18:00+00:00,-1,96871.1,98808.52200000001,-0.020800000000000058,trail/sl,2025,0.515871864893647,0.0003406588755573127,0.02034065887555737
2025-02-22 00:00:00+00:00,2025-02-24 15:06:00+00:00,1,96128.0,94205.44,-0.020799999999999975,trail/sl,2025,0.6108027522815838,0.008946404793608522,0.0289464047936085
2025-02-25 08:00:00+00:00,2025-02-25 10:21:00+00:00,1,89262.8,87477.544,-0.020800000000000093,trail/sl,2025,0.8084534002465098,0.00772102152296362,0.027721021522963712
2025-02-27 08:00:00+00:00,2025-02-27 16:51:00+00:00,1,86228.0,84503.44,-0.02079999999999997,trail/sl,2025,0.9232735560226115,0.0097184209305562,0.029718420930556173
2025-02-28 16:00:00+00:00,2025-03-03 06:40:00+00:00,1,83948.1,92121.87,0.09656694457647033,trail/sl,2025,0.6077128663547252,0.1313061284293509,0.03393918385288058
2025-03-04 00:00:00+00:00,2025-03-04 01:39:00+00:00,1,86193.3,84469.43400000001,-0.020799999999999933,trail/sl,2025,0.6379864767650653,0.006731381673517513,0.02673138167351745
2025-03-04 08:00:00+00:00,2025-03-04 15:16:00+00:00,1,83159.4,82386.85299999999,-0.010089953991972116,trail/sl,2025,0.7374011017247245,0.02135056289487418,0.030640516886846297
2025-03-04 16:00:00+00:00,2025-03-05 14:57:00+00:00,1,82945.0,88170.187,0.06219580444873115,trail/sl,2025,0.7466145250089319,0.09587196334920738,0.032876158900476224
2025-03-05 16:00:00+00:00,2025-03-05 17:30:00+00:00,-1,88312.5,90078.75,-0.0208,trail/sl,2025,0.7900964010720736,0.008543524416135881,0.028543524416135883
2025-03-06 00:00:00+00:00,2025-03-06 04:52:00+00:00,-1,90566.1,92377.422,-0.0208,trail/sl,2025,0.8574874522153937,0.006747557861054034,0.026747557861054035
2025-03-06 08:00:00+00:00,2025-03-06 22:00:00+00:00,-1,91311.4,90424.215,0.008916037646996954,trail/sl,2025,0.8929750146711259,0.038559259851453316,0.028843222204456363
2025-03-07 00:00:00+00:00,2025-03-07 00:15:00+00:00,1,89887.9,88519.969,-0.016018188432480866,trail/sl,2025,0.8949585457912923,0.015238980997442404,0.03045716942992327
2025-03-07 08:00:00+00:00,2025-03-07 15:34:00+00:00,1,88308.8,88374.66299999999,-5.417398945537703e-05,trail/sl,2025,0.888429040755548,0.03169672784592239,0.030950901835377766
2025-03-07 16:00:00+00:00,2025-03-07 16:52:00+00:00,1,88425.0,86656.5,-0.0208,trail/sl,2025,0.8915512166099985,0.005966638394119376,0.025966638394119376
2025-03-08 00:00:00+00:00,2025-03-09 10:44:00+00:00,1,86753.8,85018.724,-0.02080000000000001,trail/sl,2025,0.9075627445496411,0.0014143472677853545,0.021414347267785364
2025-03-10 00:00:00+00:00,2025-03-10 13:54:00+00:00,1,80690.7,81510.555,0.009360464588855914,trail/sl,2025,0.8823851187678613,0.04140254081325361,0.031242076224397695
2025-03-10 16:00:00+00:00,2025-03-10 17:06:00+00:00,1,80009.7,78409.506,-0.020800000000000037,trail/sl,2025,0.8932590995320093,0.002598434939763663,0.0225984349397637
2025-03-11 00:00:00+00:00,2025-03-11 00:34:00+00:00,1,78567.8,76996.444,-0.020799999999999996,trail/sl,2025,0.9040315886301081,0.008153467451042173,0.02815346745104217
2025-03-11 08:00:00+00:00,2025-03-11 14:35:00+00:00,1,80386.0,79772.8,-0.00842819396412307,trail/sl,2025,0.8833615652174862,0.023063717562759684,0.030691911526882755
2025-03-11 16:00:00+00:00,2025-03-11 18:21:00+00:00,-1,81190.7,82814.514,-0.02079999999999998,trail/sl,2025,0.8825008368372973,0.007275463815436954,0.027275463815436937
2025-03-12 00:00:00+00:00,2025-03-12 12:30:00+00:00,-1,82896.0,83687.5,-0.01034810847326771,trail/sl,2025,0.9156283495905095,0.019856205365759504,0.029404313839027214
2025-03-12 16:00:00+00:00,2025-03-12 22:04:00+00:00,-1,81688.0,83321.76,-0.020799999999999933,trail/sl,2025,0.8785865419248742,0.0013759670943099865,0.02137596709430992
2025-03-13 08:00:00+00:00,2025-03-14 07:43:00+00:00,-1,83118.6,82300.502,0.009042538252569373,trail/sl,2025,0.8700604651591465,0.03868207597336831,0.02883953772079894
2025-03-14 08:00:00+00:00,2025-03-16 01:34:00+00:00,1,82124.6,83991.147,0.02192823246627675,trail/sl,2025,1.123850799678176,0.03830277407743832,0.01557454161116157
2025-03-19 16:00:00+00:00,2025-03-19 22:41:00+00:00,-1,84693.3,86005.0,-0.016287647783236655,trail/sl,2025,0.9736268171091289,0.014089662346372179,0.029577310129608833
2025-03-21 08:00:00+00:00,2025-03-24 22:46:00+00:00,1,83889.5,87420.72,0.041293706602137346,trail/sl,2025,1.0370482102994747,0.05796315391079933,0.01586944730866198
2025-03-25 08:00:00+00:00,2025-03-26 19:12:00+00:00,1,86404.5,85845.0,-0.007275357186257661,trail/sl,2025,0.7675805972363642,0.02425220908633231,0.03072756627258997
2025-03-27 00:00:00+00:00,2025-03-28 07:48:00+00:00,1,86873.9,85136.42199999999,-0.020800000000000034,trail/sl,2025,0.7859191449009513,0.009767030143691029,0.029767030143691066
2025-03-29 08:00:00+00:00,2025-03-29 11:38:00+00:00,1,83696.1,82022.178,-0.02080000000000007,trail/sl,2025,0.97177999244912,0.0026452845473085864,0.022645284547308655
2025-04-01 00:00:00+00:00,2025-04-02 08:01:00+00:00,1,82517.5,84311.5675,0.020941660859817673,trail/sl,2025,1.0216207220682816,0.0373011785378859,0.015559517678068228
2025-04-02 16:00:00+00:00,2025-04-02 20:16:00+00:00,-1,86709.5,88443.69,-0.020800000000000027,trail/sl,2025,0.9986971006205397,0.008147896135948195,0.028147896135948224
2025-04-03 00:00:00+00:00,2025-04-03 14:50:00+00:00,1,82485.1,81372.52399999999,-0.014288205748674796,trail/sl,2025,0.7585328352284918,0.017022468300335346,0.03051067404901014
2025-04-03 16:00:00+00:00,2025-04-04 11:12:00+00:00,1,82001.7,82145.614,0.0009550123960845239,trail/sl,2025,0.71199535610322,0.032737126181530386,0.030982113785445863
2025-04-04 16:00:00+00:00,2025-04-04 17:49:00+00:00,-1,82821.9,84478.33799999999,-0.020799999999999937,trail/sl,2025,0.6988562965661346,0.0014718329330768094,0.021471832933076748
2025-04-05 00:00:00+00:00,2025-04-07 08:43:00+00:00,-1,83861.4,76690.71,0.08470644277343317,trail/sl,2025,0.6815269571998696,0.11214217744993518,0.026635734676502015
2025-04-07 16:00:00+00:00,2025-04-08 15:08:00+00:00,1,78444.6,78407.137,-0.0012775727073629463,trail/sl,2025,0.6080700186927805,0.030435492054265045,0.03091306476162799
2025-04-09 16:00:00+00:00,2025-04-10 13:37:00+00:00,1,77237.5,81048.253,0.04853811943680203,trail/sl,2025,0.5440183162462581,0.08179187570804329,0.03245375627124126
2025-04-10 16:00:00+00:00,2025-04-11 01:52:00+00:00,-1,78731.7,80306.334,-0.02080000000000007,trail/sl,2025,0.5377580554182917,0.004009820694840796,0.024009820694840867
2025-04-11 16:00:00+00:00,2025-04-11 18:05:00+00:00,-1,82486.8,84136.53600000001,-0.02080000000000005,trail/sl,2025,0.5235846081283906,0.006289491167071615,0.026289491167071667
2025-04-12 00:00:00+00:00,2025-04-12 14:32:00+00:00,-1,83378.3,85045.86600000001,-0.020800000000000072,trail/sl,2025,0.6165021721096304,0.007463572656194752,0.027463572656194826
2025-04-12 16:00:00+00:00,2025-04-14 02:33:00+00:00,-1,84974.1,85481.245,-0.006768230319591376,trail/sl,2025,0.6061488958918213,0.02333181522369764,0.029300045543289015
2025-04-14 16:00:00+00:00,2025-04-15 20:48:00+00:00,1,84054.4,83849.70999999999,-0.003235208626794104,trail/sl,2025,0.6054964822027041,0.028417310694026796,0.0308525193208209
2025-04-16 00:00:00+00:00,2025-04-23 15:21:00+00:00,1,83608.6,92057.171,0.10024906672280119,trail/sl,2025,0.6478191351107758,0.13510213064206308,0.0340530639192619
2025-04-24 08:00:00+00:00,2025-04-25 02:56:00+00:00,1,92166.1,92993.3575,0.008175724263042403,trail/sl,2025,1.0001611040196134,0.024340836815271494,0.01536511255222909
2025-04-30 00:00:00+00:00,2025-04-30 13:41:00+00:00,1,94200.1,93758.7025,-0.005485743433393451,trail/sl,2025,1.0232750606032748,0.010471326463559956,0.015157069896953406
2025-05-08 08:00:00+00:00,2025-05-08 15:40:00+00:00,-1,99212.1,101196.342,-0.02079999999999998,trail/sl,2025,0.9025482208474582,0.0016328653460616193,0.021632865346061604
2025-05-08 16:00:00+00:00,2025-05-08 20:56:00+00:00,-1,100730.9,102745.518,-0.020800000000000023,trail/sl,2025,0.8054734904045693,0.0017958739572464277,0.021795873957246453
2025-05-19 08:00:00+00:00,2025-05-21 17:44:00+00:00,1,103167.1,106510.074,0.03160348909681465,trail/sl,2025,0.749611123155143,0.06433349391424195,0.0319300048174273
2025-05-22 00:00:00+00:00,2025-05-22 03:52:00+00:00,-1,109609.6,111801.792,-0.020799999999999957,trail/sl,2025,0.8323882756134545,0.00416204420050809,0.024162044200508048
2025-05-22 08:00:00+00:00,2025-05-26 01:03:00+00:00,-1,111005.8,109691.91,0.011036228377255958,trail/sl,2025,0.7361423652708856,0.040617697453646594,0.028781469076390634
2025-05-26 08:00:00+00:00,2025-05-27 13:17:00+00:00,-1,110049.9,110661.14,-0.006354207682151509,trail/sl,2025,0.8007699498750241,0.023733778949367464,0.02928798663151897
2025-05-27 16:00:00+00:00,2025-05-28 13:55:00+00:00,1,110091.3,107889.474,-0.020800000000000006,trail/sl,2025,0.8127140405816702,0.0033463134689116596,0.023346313468911667
2025-05-28 16:00:00+00:00,2025-05-29 19:17:00+00:00,1,107065.5,105594.2,-0.014542055097113477,trail/sl,2025,0.8539447997861667,0.016760767941120157,0.030502823038233633
2025-05-30 00:00:00+00:00,2025-05-31 01:34:00+00:00,1,105539.9,103429.102,-0.020799999999999954,trail/sl,2025,0.9552557335170356,0.006879862497501001,0.026879862497500955
2025-05-31 08:00:00+00:00,2025-06-03 08:18:00+00:00,1,103700.5,104873.738,0.010513715941581743,trail/sl,2025,1.0887554114197722,0.02671443242800182,0.015400716486420078
2025-06-06 00:00:00+00:00,2025-06-12 04:24:00+00:00,1,101458.7,107333.992,0.05710821289845032,trail/sl,2025,0.7212646346136553,0.09062702360664988,0.03271881070819956
2025-06-12 08:00:00+00:00,2025-06-13 00:01:00+00:00,1,107577.0,105425.45999999999,-0.020800000000000075,trail/sl,2025,0.8018455508737198,0.00763546111157584,0.027635461111575915
2025-06-13 08:00:00+00:00,2025-06-17 10:38:00+00:00,1,104831.4,105633.0,0.006846563911194602,trail/sl,2025,0.80428363142777,0.03881089063009753,0.03116432671890293
2025-06-17 16:00:00+00:00,2025-06-20 17:19:00+00:00,1,104199.2,103291.614,-0.00951010525992518,trail/sl,2025,0.8297942896863538,0.0219483450928606,0.030658450352785777
2025-06-21 00:00:00+00:00,2025-06-21 19:35:00+00:00,1,103246.1,102381.49100000001,-0.009174253361628157,trail/sl,2025,1.1003307238358968,0.0067266463333723985,0.015100899695000555
2025-06-23 16:00:00+00:00,2025-06-23 17:37:00+00:00,-1,101369.6,102534.028,-0.012286954668855356,trail/sl,2025,0.7505087173615989,0.01797383041858703,0.029460785087442383
2025-06-24 08:00:00+00:00,2025-06-25 00:09:00+00:00,-1,104891.8,106139.362,-0.012693799133964626,trail/sl,2025,1.0002843084627961,0.003060296419739198,0.014954095553703823
2025-06-25 08:00:00+00:00,2025-06-30 00:39:00+00:00,-1,106547.5,108678.45,-0.02079999999999997,trail/sl,2025,0.8574636886002986,0.0024496116755437715,0.022449611675543744
2025-06-30 16:00:00+00:00,2025-07-01 19:41:00+00:00,1,107525.7,105375.186,-0.020799999999999957,trail/sl,2025,0.8505547947413779,0.0023185154804851575,0.022318515480485118
2025-07-02 00:00:00+00:00,2025-07-07 16:01:00+00:00,1,105637.9,108254.5,0.023969519272912524,trail/sl,2025,1.0947657544426326,0.04587463400919562,0.021105114736283098
2025-07-10 00:00:00+00:00,2025-07-10 16:24:00+00:00,-1,111199.8,112088.68299999999,-0.008793566535191494,trail/sl,2025,1.0417014024152391,0.0069028901131117665,0.01489645664830326
2025-07-11 00:00:00+00:00,2025-07-11 05:48:00+00:00,-1,115979.2,118298.784,-0.02080000000000002,trail/sl,2025,0.7696865761310215,0.0068331218011505514,0.02683312180115057
2025-07-11 08:00:00+00:00,2025-07-13 12:50:00+00:00,-1,117522.7,118360.2665,-0.007926848685402912,trail/sl,2025,1.2404656119861226,0.007756799324726128,0.01488364801012904
2025-07-14 16:00:00+00:00,2025-07-15 16:40:00+00:00,-1,119863.1,117413.27149999999,0.01963855448424092,trail/sl,2025,1.0069601882277113,0.034914832004178095,0.014476277519937176
2025-07-18 16:00:00+00:00,2025-07-20 22:16:00+00:00,1,117830.1,116679.16,-0.010567792779603872,trail/sl,2025,0.9818646763521384,0.00871169590792166,0.018479488687525532
2025-07-21 08:00:00+00:00,2025-07-22 12:36:00+00:00,-1,119352.3,119340.95,-0.0007049033826746043,trail/sl,2025,0.8975200949780233,0.029218540405170263,0.029123443787844868
2025-07-23 00:00:00+00:00,2025-07-26 10:42:00+00:00,-1,119993.7,118107.319,0.014920667001684205,trail/sl,2025,0.8181076925955532,0.044388997089013796,0.02866833008732959
2025-07-27 16:00:00+00:00,2025-08-04 14:03:00+00:00,-1,118580.9,115205.5,0.02766495514876337,trail/sl,2025,0.6196316269346834,0.05676209237744016,0.028297137228676793
2025-08-05 08:00:00+00:00,2025-08-11 19:52:00+00:00,1,113924.7,118776.5,0.041787779471879255,trail/sl,2025,0.9201999018278711,0.07483276234214356,0.032244982870264303
2025-08-12 00:00:00+00:00,2025-08-14 10:56:00+00:00,1,118641.8,120809.232,0.017468704621811208,trail/sl,2025,0.8283878906031317,0.04976155115650641,0.03149284653469521
2025-08-14 16:00:00+00:00,2025-08-18 02:16:00+00:00,1,118185.9,115822.18199999999,-0.02080000000000007,trail/sl,2025,0.6973605407446719,0.008445169855287355,0.028445169855287424
2025-08-18 08:00:00+00:00,2025-08-19 16:39:00+00:00,1,115153.2,113430.53899999999,-0.015759731904975347,trail/sl,2025,0.6901615168325829,0.015505431025798676,0.030465162930774024
2025-08-20 00:00:00+00:00,2025-08-24 19:34:00+00:00,1,112824.1,113875.47799999999,0.008518735979280866,trail/sl,2025,0.7663878878781671,0.04053477936008342,0.031216043380802555
2025-08-25 08:00:00+00:00,2025-08-25 20:34:00+00:00,1,111469.7,109510.769,-0.018373663515735637,trail/sl,2025,0.7954598839605629,0.012810656169344674,0.030384319685080312
2025-08-26 00:00:00+00:00,2025-08-29 07:37:00+00:00,1,110064.1,110026.12999999999,-0.0011449807884679538,trail/sl,2025,0.7098543134505528,0.03057218475415684,0.030917165542624792
2025-08-29 08:00:00+00:00,2025-08-29 14:58:00+00:00,1,109969.0,108144.815,-0.017388174849275684,trail/sl,2025,0.6494260455307929,0.013826623866726078,0.030414798716001765
2025-08-30 00:00:00+00:00,2025-09-06 16:21:00+00:00,1,108332.4,109943.971,0.014076168163910436,trail/sl,2025,0.9296458904825988,0.04626409089062929,0.03138792272671886
2025-09-07 00:00:00+00:00,2025-09-22 00:50:00+00:00,1,110135.2,114338.94399999999,0.037368941446512934,trail/sl,2025,0.6011567153266276,0.07027725922320929,0.03210831777669636
2025-09-22 08:00:00+00:00,2025-09-25 17:11:00+00:00,1,112454.5,110478.926,-0.01836776296190898,trail/sl,2025,0.9290530351013623,0.01281673921452679,0.03038450217643577
2025-09-26 00:00:00+00:00,2025-09-30 09:36:00+00:00,1,108934.6,113078.0,0.03723566543595876,trail/sl,2025,1.0707732719081382,0.05384331516340991,0.015807649727451148
2025-10-01 16:00:00+00:00,2025-10-02 00:01:00+00:00,-1,117366.5,118664.3,-0.011857669778003118,trail/sl,2025,1.094756453918208,0.005785296485794498,0.016842966263797617
2025-10-11 00:00:00+00:00,2025-10-11 07:42:00+00:00,1,112715.0,110460.7,-0.020800000000000023,trail/sl,2025,0.8639932242107032,0.0051909683715566325,0.025190968371556658
2025-10-21 16:00:00+00:00,2025-10-23 06:15:00+00:00,-1,113355.2,109551.10900000001,0.03275903390404662,trail/sl,2025,0.8247880296306696,0.06170779990684146,0.028148766002794832
2025-10-23 16:00:00+00:00,2025-10-24 12:30:00+00:00,-1,109849.0,112045.98,-0.02079999999999996,trail/sl,2025,0.8561453959001829,0.005361905888993072,0.025361905888993036
2025-10-25 16:00:00+00:00,2025-10-26 09:28:00+00:00,-1,111341.0,112760.81599999998,-0.013551960194357667,trail/sl,2025,0.8656672347589099,0.0022148175425046102,0.014966777736862277
2025-10-26 16:00:00+00:00,2025-10-27 06:48:00+00:00,-1,113648.0,115920.96,-0.020800000000000055,trail/sl,2025,0.6233792081680675,0.0074616359284809235,0.027461635928480978
2025-10-28 00:00:00+00:00,2025-10-28 20:16:00+00:00,1,114064.2,112592.071,-0.013706144083770376,trail/sl,2025,0.6042428295695451,0.017622531872401734,0.030528675956172112
2025-10-29 00:00:00+00:00,2025-10-29 18:35:00+00:00,1,112833.5,110576.83,-0.02079999999999998,trail/sl,2025,0.6169721285085077,0.006731156970226041,0.026731156970226023
2025-10-30 16:00:00+00:00,2025-11-03 03:52:00+00:00,1,107670.5,107896.01,0.0012944455537960238,trail/sl,2025,0.5445349497079586,0.03308705727195471,0.03099261171815869
2025-11-03 08:00:00+00:00,2025-11-04 05:39:00+00:00,1,107420.6,105272.18800000001,-0.020799999999999968,trail/sl,2025,0.5892773846984111,0.008000327683889256,0.028000327683889225
2025-11-04 16:00:00+00:00,2025-11-04 17:16:00+00:00,1,103157.7,101094.546,-0.02079999999999995,trail/sl,2025,0.6179847100544568,0.0030671486471684495,0.0230671486471684
2025-11-05 16:00:00+00:00,2025-11-06 17:48:00+00:00,-1,103668.2,101741.97599999998,0.017780664080209906,trail/sl,2025,1.130107414672387,0.03308439810858106,0.014503734028371157
2025-11-08 00:00:00+00:00,2025-11-09 18:50:00+00:00,-1,103305.3,104339.0,-0.01080626298941097,trail/sl,2025,0.8780574315962479,0.01941139515591168,0.02941765814532265
2025-11-10 00:00:00+00:00,2025-11-11 01:18:00+00:00,-1,104670.7,106764.114,-0.02080000000000004,trail/sl,2025,0.9662059755932882,0.0044405932128093436,0.024440593212809385
2025-11-11 08:00:00+00:00,2025-11-11 20:59:00+00:00,1,104737.1,102642.35800000001,-0.02079999999999998,trail/sl,2025,0.8634740335373383,0.006942143710299323,0.026942143710299307
2025-11-12 00:00:00+00:00,2025-11-12 15:52:00+00:00,1,103005.8,102138.09,-0.0092238945768103,trail/sl,2025,0.8782723210022594,0.022243407652772922,0.03066730222958322
2025-11-14 08:00:00+00:00,2025-11-14 12:34:00+00:00,1,97099.9,95157.90199999999,-0.020800000000000072,trail/sl,2025,0.8248149441018096,0.004326472014904298,0.02432647201490437
2025-11-17 16:00:00+00:00,2025-11-17 19:32:00+00:00,1,93915.8,92037.484,-0.020800000000000065,trail/sl,2025,0.9027417864507563,0.005027907977145455,0.02502790797714552
2025-11-18 08:00:00+00:00,2025-11-19 05:08:00+00:00,1,90459.2,90985.12700000001,0.005013969170631739,trail/sl,2025,0.8332984244280148,0.03692161770168218,0.03110764853105044
2025-11-19 16:00:00+00:00,2025-11-20 15:13:00+00:00,1,89901.0,90355.5,0.004255561117228951,trail/sl,2025,0.6737446986824761,0.03613975372910201,0.03108419261187306
2025-11-21 08:00:00+00:00,2025-11-21 09:52:00+00:00,1,84006.7,82326.56599999999,-0.020800000000000065,trail/sl,2025,0.6594994980130284,0.007861277731419146,0.027861277731419214
2025-11-21 16:00:00+00:00,2025-11-24 14:44:00+00:00,1,82905.0,85457.0,0.029982220613955734,trail/sl,2025,0.954586359273091,0.06266208310717086,0.03187986249321513
2025-11-24 16:00:00+00:00,2025-11-25 14:43:00+00:00,1,86571.1,86501.981,-0.0015984073206879207,trail/sl,2025,0.9038624682672848,0.030104734720940326,0.030903142041628247
2025-11-26 00:00:00+00:00,2025-11-28 17:33:00+00:00,1,87324.1,90287.59999999999,0.03313679408090075,trail/sl,2025,0.9911258846517844,0.06591422070195964,0.03197742662105889
2025-11-29 00:00:00+00:00,2025-12-01 00:04:00+00:00,1,90847.8,89712.22399999999,-0.013299763340444299,trail/sl,2025,0.8991134269757461,0.01196066387958752,0.02446042722003182
2025-12-01 08:00:00+00:00,2025-12-01 12:49:00+00:00,1,86487.3,84757.554,-0.02079999999999999,trail/sl,2025,0.8077294623199774,0.004609925387889287,0.024609925387889277
2025-12-01 16:00:00+00:00,2025-12-03 14:02:00+00:00,1,84650.0,92523.7095,0.09221487891317186,trail/sl,2025,1.0827147690349626,0.10965977554636736,0.016644896633195502
2025-12-17 08:00:00+00:00,2025-12-17 14:53:00+00:00,-1,87010.4,88750.608,-0.020799999999999985,trail/sl,2025,0.9713393314091967,0.009302336272445526,0.029302336272445512
2025-12-18 00:00:00+00:00,2025-12-18 17:08:00+00:00,1,86201.6,86764.46299999999,0.005729611979359814,trail/sl,2025,0.5689453724403386,0.037659393793154514,0.0311297818137947
2025-12-19 08:00:00+00:00,2025-12-22 00:13:00+00:00,-1,87909.7,89399.365,-0.017745399654418206,trail/sl,2025,0.39719256794523483,0.012674369267555198,0.029619768921973405
2025-12-22 16:00:00+00:00,2025-12-26 02:20:00+00:00,-1,89688.6,88945.65000000001,0.007483661468681605,trail/sl,2025,0.3845914737323636,0.03716860336765214,0.028884941898970534
2025-12-26 08:00:00+00:00,2025-12-29 02:07:00+00:00,-1,88433.0,89218.497,-0.009682396842807584,trail/sl,2025,0.4065095606569602,0.020502527337080117,0.0293849241798877
2025-12-29 08:00:00+00:00,2026-01-02 09:49:00+00:00,-1,89583.0,89362.8,0.0016580556578814853,trail/sl,2025,0.3369103752006843,0.03151267539600147,0.029054619738119986
2026-01-02 16:00:00+00:00,2026-01-04 00:05:00+00:00,-1,89373.0,91160.46,-0.020800000000000072,trail/sl,2026,0.5923089257862761,0.0025488682264218827,0.022548868226421957
2026-01-04 08:00:00+00:00,2026-01-05 01:37:00+00:00,-1,91477.5,93307.05,-0.02080000000000003,trail/sl,2026,0.5579718735809923,0.007514416113251829,0.02751441611325186
2026-01-05 16:00:00+00:00,2026-01-09 15:33:00+00:00,-1,93900.0,91919.26000000001,0.020294142705005225,trail/sl,2026,0.7355107833518382,0.049605963791267305,0.02851182108626208
2026-01-10 00:00:00+00:00,2026-01-13 22:11:00+00:00,1,90603.7,95410.7445,0.052255719578781036,trail/sl,2026,1.1035647724215034,0.06909210109520914,0.016036381516428097
2026-01-30 00:00:00+00:00,2026-01-30 01:39:00+00:00,1,84604.7,82912.606,-0.020799999999999968,trail/sl,2026,0.7839151463453199,0.0010933198746641735,0.021093319874664142
2026-01-30 08:00:00+00:00,2026-01-30 16:25:00+00:00,1,82770.1,82522.512,-0.00379127341878291,trail/sl,2026,1.0032601817949476,0.012191600590068047,0.015182874008850957
2026-01-31 00:00:00+00:00,2026-01-31 13:34:00+00:00,1,84211.4,82527.17199999999,-0.020800000000000034,trail/sl,2026,0.9399608809615465,0.00033368403802817463,0.02033368403802821
2026-01-31 16:00:00+00:00,2026-01-31 17:08:00+00:00,1,81268.6,79734.0,-0.019683061846764993,trail/sl,2026,0.8526765725549401,0.011460760982716499,0.030343822829481493
2026-02-01 00:00:00+00:00,2026-02-01 15:19:00+00:00,1,78706.7,77132.56599999999,-0.02080000000000007,trail/sl,2026,0.955066359054207,0.0087679956090143,0.02876799560901437
2026-02-02 16:00:00+00:00,2026-02-03 00:58:00+00:00,-1,78800.5,79010.84799999998,-0.0034693739252921437,trail/sl,2026,1.0112408957382375,0.01214840007360363,0.014817773998895774
2026-02-06 16:00:00+00:00,2026-02-06 16:48:00+00:00,-1,68577.5,69949.05,-0.02080000000000004,trail/sl,2026,0.9000512669016857,0.003346578688345303,0.023346578688345346
2026-02-07 00:00:00+00:00,2026-02-07 08:11:00+00:00,-1,70544.5,68258.75,0.03160153378364011,trail/sl,2026,1.003153709950159,0.04670101850604937,0.014299484722409259
2026-02-20 16:00:00+00:00,2026-02-23 09:32:00+00:00,-1,67547.6,66159.784,0.01974574847959078,trail/sl,2026,0.7635703495996649,0.04907354221319488,0.028527793733604104
2026-02-23 16:00:00+00:00,2026-02-23 17:37:00+00:00,1,65633.1,64320.438,-0.020800000000000055,trail/sl,2026,0.7711134356394179,0.0010375862179295395,0.021037586217929595
2026-02-24 00:00:00+00:00,2026-02-24 03:50:00+00:00,1,64625.8,63333.284,-0.020800000000000048,trail/sl,2026,0.8055286291338093,0.005480783216610039,0.025480783216610087
2026-02-25 00:00:00+00:00,2026-02-25 23:40:00+00:00,1,64031.4,67899.03,0.05960208397754847,trail/sl,2026,0.900408406134185,0.09319802471912216,0.03279594074157368
2026-03-02 16:00:00+00:00,2026-03-03 16:05:00+00:00,-1,69089.1,68062.40000000001,0.014060520689949601,trail/sl,2026,0.9135075384211517,0.04355390358247546,0.028693382892525862
2026-03-04 00:00:00+00:00,2026-03-05 07:50:00+00:00,1,68295.2,71825.105,0.05088598964495307,trail/sl,2026,0.9162508321044693,0.08421236045871457,0.032526370813761495
2026-03-05 08:00:00+00:00,2026-03-05 10:32:00+00:00,-1,72025.4,73465.908,-0.020800000000000023,trail/sl,2026,0.9536595936455351,0.004291541595048292,0.024291541595048316
2026-03-05 16:00:00+00:00,2026-03-06 01:26:00+00:00,1,71611.7,70546.29100000001,-0.015677582853081063,trail/sl,2026,1.001478912534267,0.00012428136743030443,0.015001864220511366
2026-03-06 16:00:00+00:00,2026-03-07 06:53:00+00:00,1,68468.3,67728.1075,-0.011610732850092738,trail/sl,2026,1.0217602338140626,0.004253063096352576,0.015063795946445312
2026-03-11 16:00:00+00:00,2026-03-12 16:06:00+00:00,1,70187.0,70216.70999999999,-0.0003767022383063552,trail/sl,2026,1.0155562871197672,0.015658170316440366,0.01523487255474672
2026-03-13 00:00:00+00:00,2026-03-13 00:31:00+00:00,-1,70480.1,71889.702,-0.02079999999999998,trail/sl,2026,0.9619749476805239,0.0019494864507855227,0.021949486450785507
2026-03-13 08:00:00+00:00,2026-03-13 13:17:00+00:00,-1,71585.2,73016.904,-0.02079999999999997,trail/sl,2026,0.9008997307648127,0.003326106513636775,0.023326106513636747
2026-03-13 16:00:00+00:00,2026-03-15 22:40:00+00:00,-1,71800.1,72363.68000000001,-0.008649292689007422,trail/sl,2026,0.8672916044659772,0.021505541078633676,0.029354833767641097
2026-03-16 00:00:00+00:00,2026-03-16 03:40:00+00:00,-1,72778.8,74234.376,-0.02080000000000001,trail/sl,2026,0.929459236862302,0.0074637119600762455,0.027463711960076256
2026-03-16 08:00:00+00:00,2026-03-17 00:07:00+00:00,-1,73427.8,74896.356,-0.020799999999999954,trail/sl,2026,0.9391312530187932,0.007979266708249583,0.027979266708249538
2026-03-17 08:00:00+00:00,2026-03-17 17:40:00+00:00,-1,74212.8,74430.2545,-0.003730148168509914,trail/sl,2026,1.0961464355148165,0.011891479636935947,0.01482162780544586
2026-03-23 16:00:00+00:00,2026-03-24 07:57:00+00:00,-1,70112.2,71126.63249999999,-0.015268701595442668,trail/sl,2026,1.0074340252830671,0.0005234467039972657,0.014992148299439933
2026-04-01 08:00:00+00:00,2026-04-05 15:30:00+00:00,-1,68651.9,67646.383,0.013846601186565742,trail/sl,2026,0.8755450283274339,0.04334621474423852,0.028699613557672775
2026-04-05 16:00:00+00:00,2026-04-07 10:52:00+00:00,1,67272.2,68222.525,0.013326563424415986,trail/sl,2026,0.8992776870525169,0.04549130249939801,0.03136473907498202
2026-04-07 16:00:00+00:00,2026-04-08 14:56:00+00:00,1,68138.5,70672.745,0.036392556337459664,trail/sl,2026,0.6410082450531324,0.06927067663655642,0.032078120299096756
2026-04-08 16:00:00+00:00,2026-04-09 21:06:00+00:00,-1,71274.9,72540.84,-0.01856137181532352,trail/sl,2026,0.7422215029640484,0.011882163286093622,0.029643535101417144
2026-04-10 00:00:00+00:00,2026-04-10 15:24:00+00:00,-1,71750.4,73185.408,-0.020800000000000023,trail/sl,2026,0.7584742884339335,0.005133072428864347,0.02513307242886437
2026-04-10 16:00:00+00:00,2026-04-13 19:21:00+00:00,-1,72421.1,72571.946,-0.002882901253916199,trail/sl,2026,0.611908485094847,0.027103979365129895,0.029186880619046094
2026-04-14 00:00:00+00:00,2026-04-14 14:30:00+00:00,-1,74384.9,75872.598,-0.020800000000000055,trail/sl,2026,0.6773372166994857,0.0058882918441780525,0.02588829184417811
2026-04-14 16:00:00+00:00,2026-04-16 20:00:00+00:00,-1,75268.1,75454.504,-0.0032765338835442238,trail/sl,2026,0.8045915491450448,0.02672181176354927,0.029198345647093494
2026-04-17 16:00:00+00:00,2026-04-20 17:49:00+00:00,-1,77736.2,75879.07,0.023090156709486574,trail/sl,2026,0.6976976797993395,0.052320540494647245,0.028430383785160673
2026-04-21 08:00:00+00:00,2026-04-22 02:17:00+00:00,-1,76050.0,77021.237,-0.013571032215647517,trail/sl,2026,0.7260494149657029,0.016727153188691727,0.029498185404339246
2026-04-22 08:00:00+00:00,2026-04-26 21:55:00+00:00,-1,77979.7,78799.73800000001,-0.01131604456031525,trail/sl,2026,0.9534361753902314,0.018916461591927017,0.029432506152242265
2026-04-27 00:00:00+00:00,2026-04-29 03:18:00+00:00,-1,78614.4,76770.134,0.022659646069931066,trail/sl,2026,1.0272549212824507,0.03789127691618824,0.014431630846257173
