side,R,R_real,reason,mae,mae_real,size_pct,fund,year
1,-0.0103999999999999,-0.0103999999999999,sl_intrabar,-0.0103211950185031,-0.0103211950185031,7.0864,0.0,2023
1,0.0188841956305342,-0.4163559376940136,sl_intrabar,-0.0081475500168079,-0.0081475500168079,7.0864,0.0,2023
1,-0.0103999999999999,-0.0103999999999999,sl_intrabar,-0.0102804232255923,-0.0102804232255923,7.0864,0.0,2023
-1,0.0199986497716474,0.0199986497716474,sl_intrabar,-0.0046616984488224,-0.0046616984488224,7.0864,0.0007,2023
-1,0.0289417798358489,0.0289417798358489,sl_intrabar,-0.0054335723511335,-0.0054335723511335,7.0864,0.0007,2023
-1,0.0276714126642416,-0.5604215277262274,sl_intrabar,-0.0017829284599955,-0.0017829284599955,7.0864,0.0,2023
-1,-0.0104,-0.0104,sl_intrabar,-0.0101329044520798,-0.0101329044520798,7.0864,0.0,2023
-1,-0.0108,-0.0108,sl_intrabar,-0.0094379334999153,-0.009999999999999929,7.0864,0.0004,2023
-1,0.0232890767325462,0.0232890767325462,sl_intrabar,-0.0064516365394901,-0.0064516365394901,7.0864,0.0009,2023
-1,-0.0105,-0.0105,sl_intrabar,-0.0101435893598713,-0.0101435893598713,4.2518,0.0001,2023
-1,-0.0103999999999999,-0.0103999999999999,sl_intrabar,-0.009661939773957,-0.00999999999999995,7.0864,0.0,2023
-1,0.0184394393002232,-0.2875701496907362,sl_intrabar,-0.00185494817487,-0.00185494817487,7.0864,0.0,2023
-1,0.020601998184832,0.020601998184832,sl_intrabar,-0.006303931238023,-0.006303931238023,4.2518,0.0006,2023
-1,-0.0107,-0.0107,sl_intrabar,-0.009394439031702,-0.010000000000000028,4.2518,0.0003,2023
-1,-0.0103999999999999,-0.0103999999999999,sl_intrabar,-0.0098921222344583,-0.009999999999999998,7.0864,0.0,2023
1,-0.0104,-0.0104,sl_intrabar,-0.0094728980779056,-0.01,4.2518,0.0,2023
1,-0.0104,-0.0104,sl_intrabar,-0.0099536112572899,-0.009999999999999903,4.2518,0.0,2023
1,-0.0104999999999999,-0.0104999999999999,sl_intrabar,-0.0101135568950014,-0.0101135568950014,4.2518,0.0001,2023
1,-0.0104999999999999,-0.0104999999999999,sl_intrabar,-0.0099963171835008,-0.009999999999999966,7.0864,0.0001,2023
1,-0.0104,-0.0104,sl_intrabar,-0.0101421376979656,-0.0101421376979656,4.2518,0.0,2023
1,-0.0106,-0.0106,sl_intrabar,-0.0102287976111432,-0.0102287976111432,4.2518,0.0002,2023
1,-0.0106,-0.0106,sl_intrabar,-0.0102073740339634,-0.0102073740339634,4.2518,0.0002,2023
1,-0.0104,-0.0104,sl_intrabar,-0.0108146075820592,-0.0108146075820592,7.0864,0.0,2023
-1,-0.0103999999999999,-0.0103999999999999,sl_intrabar,-0.0097292214680088,-0.009999999999999972,4.2518,0.0,2023
-1,0.0447509374240897,-0.6398270193079203,sl_intrabar,-0.0009416161222336,-0.0009416161222336,7.0864,0.0,2023
-1,-0.0104,-0.0104,sl_intrabar,-0.0080603767533846,-0.010000000000000064,4.2518,0.0,2023
-1,-0.0103999999999999,-0.0103999999999999,sl_intrabar,-0.0096178787351407,-0.009999999999999997,4.2518,0.0,2023
-1,-0.0105,-0.0105,sl_intrabar,-0.0101677892892742,-0.0101677892892742,4.2518,0.0001,2023
-1,0.0333060602398718,0.0333060602398718,sl_intrabar,-0.0016691338630253,-0.0016691338630253,4.2518,0.0007,2023
-1,-0.0104,-0.0104,sl_intrabar,-0.0104371821231468,-0.0104371821231468,4.2518,0.0,2023
-1,-0.0103999999999999,-0.0103999999999999,sl_intrabar,-0.0099266055747635,-0.009999999999999988,4.2518,0.0,2023
-1,-0.0111999999999999,-0.0111999999999999,sl_intrabar,-0.0105718412386619,-0.0105718412386619,4.2518,0.0008,2023
-1,0.0470336004557823,-0.8602806569862884,sl_intrabar,-0.003142698750412,-0.003142698750412,7.0864,0.0,2023
-1,0.0028118674293659,0.0028118674293659,sl_intrabar,-0.0092729746070133,-0.0092729746070133,7.0864,0.0003,2023
-1,-0.0104,-0.0104,sl_intrabar,-0.0092971967931284,-0.01000000000000006,7.0864,0.0,2023
1,0.1033290238986467,0.1033290238986467,sl_intrabar,-0.0010146330230667,-0.0010146330230667,4.2518,0.0017,2023
1,-0.0107999999999999,-0.0107999999999999,sl_intrabar,-0.0100097825120304,-0.0100097825120304,4.2518,0.0004,2023
1,0.0168110657030265,-0.2974871691360786,sl_intrabar,-0.0029109134360063,-0.0029109134360063,7.0864,0.0,2023
1,-0.0104,-0.0104,sl_intrabar,-0.009747191011236,-0.009999999999999936,4.2518,0.0,2023
1,-0.0104,-0.0104,sl_intrabar,-0.0085276563687256,-0.009999999999999917,4.2518,0.0,2023
1,-0.0109,-0.0109,sl_intrabar,-0.0100324914012655,-0.0100324914012655,4.2518,0.0005,2023
1,0.0166684425091546,0.0166684425091546,sl_intrabar,-0.0017802370818484,-0.0017802370818484,4.2518,0.0007,2023
1,-0.0105999999999999,-0.0105999999999999,sl_intrabar,-0.0101234952909623,-0.0101234952909623,4.2518,0.0002,2023
1,0.0305330460171457,-0.6605288932341019,sl_intrabar,-0.0012334842772314,-0.0012334842772314,7.0864,0.0,2023
1,-0.0109999999999999,-0.0109999999999999,sl_intrabar,-0.0099999999999999,-0.009999999999999983,4.2518,0.0006,2023
1,0.017020549759894,0.017020549759894,sl_intrabar,-0.0040433853260186,-0.0040433853260186,7.0864,0.0007,2023
1,-0.0105999999999999,-0.0105999999999999,sl_intrabar,-0.0106901933193686,-0.0106901933193686,4.2518,0.0002,2023
1,-0.011,-0.011,sl_intrabar,-0.0101896000633981,-0.0101896000633981,7.0864,0.0006,2023
1,0.0093307997097679,0.0093307997097679,sl_intrabar,-0.0002707662685399,-0.0002707662685399,7.0864,0.0,2023
1,0.0103763378164848,-0.07156301383190404,sl_intrabar,-0.0049584004294148,-0.0049584004294148,7.0864,0.0,2023
1,-0.0106,-0.0106,sl_intrabar,-0.0104531270880663,-0.0104531270880663,7.0864,0.0002,2023
1,0.0092382118067762,-0.19742959328197143,sl_intrabar,-0.009131380753138,-0.009131380753138,7.0864,0.0007,2023
1,-0.0103999999999999,-0.0103999999999999,sl_intrabar,-0.0101053401609363,-0.0101053401609363,7.0864,0.0,2023
-1,0.0046911906867685,0.0046911906867685,sl_intrabar,-0.008554745226315,-0.008554745226315,4.2518,0.0006,2023
-1,0.008519033789217,0.008519033789217,sl_intrabar,-0.0029009700436672,-0.0029009700436672,4.2518,0.0011,2023
-1,-0.0108,-0.0108,sl_intrabar,-0.0110540208717004,-0.0110540208717004,4.2518,0.0004,2023
-1,0.0187791708516372,-0.16910183056533382,sl_intrabar,-0.0002942937457505,-0.0002942937457505,7.0864,0.0,2023
-1,-0.0104999999999999,-0.0104999999999999,sl_intrabar,-0.0099965323317149,-0.010000000000000078,4.2518,0.0001,2023
-1,0.007923163481735,0.007923163481735,sl_intrabar,-0.0044805261535299,-0.0044805261535299,4.2518,0.001,2023
-1,0.1384953369650871,0.1384953369650871,sl_intrabar,-0.0013703510839477,-0.0013703510839477,4.2518,0.0014,2023
-1,-0.0108999999999999,-0.0108999999999999,sl_intrabar,-0.0096246719662867,-0.009999999999999995,4.2518,0.0005,2023
-1,0.019677680871101,0.019677680871101,sl_intrabar,-0.0046169203893186,-0.0046169203893186,7.0864,0.0011,2023
1,-0.0103999999999999,-0.0103999999999999,sl_intrabar,-0.010482689639596,-0.010482689639596,4.2518,0.0,2023
1,-0.0104,-0.0104,sl_intrabar,-0.0096569734149837,-0.01000000000000003,4.2518,0.0,2023
1,-0.0106,-0.0106,sl_intrabar,-0.0104358433458681,-0.0104358433458681,4.2518,0.0002,2023
1,0.0412729227061508,-0.8780722913273944,sl_intrabar,-0.0004733409016566,-0.0004733409016566,7.0864,0.0,2023
1,0.046812222183387,-0.9328195433768681,sl_intrabar,-0.0002757592117169,-0.0002757592117169,7.0864,0.0,2023
-1,0.0121978432076878,-0.32475769612557676,sl_intrabar,-0.009388964201436,-0.009388964201436,4.2518,0.0002,2023
-1,0.0097158973941935,0.0097158973941935,sl_intrabar,-0.0089383917091381,-0.0089383917091381,4.2518,0.0007,2023
-1,-0.0104,-0.0104,sl_intrabar,-0.0097308933922339,-0.010000000000000047,4.2518,0.0,2023
-1,0.0185529072542917,0.0185529072542917,sl_intrabar,-0.0004126106025642,-0.0004126106025642,4.2518,0.0008,2023
-1,-0.0103999999999999,-0.0103999999999999,sl_intrabar,-0.0104375253824285,-0.0104375253824285,7.0864,0.0,2023
-1,-0.0103999999999999,-0.0103999999999999,sl_intrabar,-0.0098805745846237,-0.010000000000000125,7.0864,0.0,2023
-1,-0.0103999999999999,-0.0103999999999999,sl_intrabar,-0.0100955389912595,-0.0100955389912595,7.0864,0.0,2023
-1,-0.0106,-0.0106,sl_intrabar,-0.0094284097340125,-0.010000000000000056,7.0864,0.0002,2023
1,0.0203240272666947,0.0203240272666947,sl_intrabar,-0.0063107894141597,-0.0063107894141597,4.2518,0.0014,2023
1,0.0202978370735816,-0.40270845015341883,sl_intrabar,-0.0039827152415015,-0.0039827152415015,7.0864,0.0,2023
1,-0.011,-0.011,sl_intrabar,-0.0098958564231263,-0.01000000000000002,7.0864,0.0006,2023
1,0.0163714181929415,0.0163714181929415,sl_intrabar,-0.0040640304630241,-0.0040640304630241,7.0864,0.0007,2023
1,0.0621976980396305,0.0621976980396305,sl_intrabar,-0.0005856681339857,-0.0005856681339857,7.0864,0.0017,2023
1,-0.0105999999999999,-0.0105999999999999,sl_intrabar,-0.0101037439609162,-0.0101037439609162,4.2518,0.0002,2023
1,-0.0105,-0.0105,sl_intrabar,-0.010017996924162,-0.010017996924162,4.2518,0.0001,2023
1,-0.0108,-0.0108,sl_intrabar,-0.0097414200251889,-0.009999999999999924,4.2518,0.0004,2023
1,-0.0104999999999999,-0.0104999999999999,sl_intrabar,-0.0101277199621569,-0.0101277199621569,4.2518,0.0001,2023
1,0.0189713211545858,-0.36216976506194737,sl_intrabar,-0.0009757265354091,-0.0009757265354091,7.0864,0.0,2023
1,-0.0104999999999999,-0.0104999999999999,sl_intrabar,-0.0099131404339321,-0.010000000000000115,7.0864,0.0001,2023
1,-0.0103999999999999,-0.0103999999999999,sl_intrabar,-0.010051175636557,-0.010051175636557,7.0864,0.0,2023
1,-0.0105,-0.0105,sl_intrabar,-0.009660151789912,-0.010000000000000035,7.0864,0.0001,2023
-1,-0.0105999999999999,-0.0105999999999999,sl_intrabar,-0.0099585179985586,-0.010000000000000096,4.2518,0.0002,2023
-1,-0.0108,-0.0108,sl_intrabar,-0.0100714118255602,-0.0100714118255602,4.2518,0.0004,2023
-1,-0.0104,-0.0104,sl_intrabar,-0.0100944692669098,-0.0100944692669098,7.0864,0.0,2023
1,-0.0103999999999999,-0.0103999999999999,sl_intrabar,-0.009466194428292,-0.009999999999999981,4.2518,0.0,2023
1,-0.0106,-0.0106,sl_intrabar,-0.0103517678100263,-0.0103517678100263,4.2518,0.0002,2023
1,0.0186095427372056,-0.24263797521670355,sl_intrabar,-0.0057968037904085,-0.0057968037904085,7.0864,0.0001,2023
1,0.1692613835739799,0.1692613835739799,sl_intrabar,-0.0071855843218709,-0.0071855843218709,4.2518,0.0018,2023
1,-0.0103999999999999,-0.0103999999999999,sl_intrabar,-0.0090676566928298,-0.009999999999999903,4.2518,0.0,2023
1,0.0147636283640096,0.0147636283640096,sl_intrabar,-0.0044890414576181,-0.0044890414576181,7.0864,0.0008,2023
1,0.0289212673669153,0.0289212673669153,sl_intrabar,-0.00924003744861,-0.00924003744861,4.2518,0.0009,2023
1,-0.0107999999999999,-0.0107999999999999,sl_intrabar,-0.0099344704829383,-0.01,4.2518,0.0004,2023
1,0.0079084640181715,0.0079084640181715,sl_intrabar,-0.0099434995841339,-0.0099434995841339,4.2518,0.0005,2023
1,0.072428728178845,0.072428728178845,sl_intrabar,-0.0067260446609365,-0.0067260446609365,4.2518,0.0011,2023
1,-0.0105,-0.0105,sl_intrabar,-0.0103309082185246,-0.0103309082185246,4.2518,0.0001,2023
1,-0.0104,-0.0104,sl_intrabar,-0.0095237797586695,-0.00999999999999987,7.0864,0.0,2023
1,-0.0103999999999999,-0.0103999999999999,sl_intrabar,-0.0099620418525546,-0.010000000000000155,7.0864,0.0,2023
1,0.0290900315386348,-0.5187107118720433,sl_intrabar,-0.0041619882991566,-0.0041619882991566,7.0864,0.0,2023
1,-0.0104999999999999,-0.0104999999999999,sl_intrabar,-0.0109668456236913,-0.0109668456236913,4.2518,0.0001,2023
1,-0.0104000000000001,-0.0104000000000001,sl_intrabar,-0.010463943102878,-0.010463943102878,7.0864,0.0,2023
1,-0.0103999999999999,-0.0103999999999999,sl_intrabar,-0.0107932300498856,-0.0107932300498856,7.0864,0.0,2023
1,-0.0115999999999999,-0.0115999999999999,sl_intrabar,-0.0100785340314136,-0.0100785340314136,7.0864,0.0012,2023
1,0.0422452695117032,0.0422452695117032,sl_intrabar,-0.0054311582171311,-0.0054311582171311,7.0864,0.0014,2023
1,0.0255883452388364,-0.4409864699529284,sl_intrabar,-0.006642234215897,-0.006642234215897,7.0864,0.0001,2023
1,-0.0104,-0.0104,sl_intrabar,-0.0102642576944313,-0.0102642576944313,4.2518,0.0,2023
1,-0.0104,-0.0104,sl_intrabar,-0.0102234393493649,-0.0102234393493649,4.2518,0.0,2023
1,-0.0103999999999999,-0.0103999999999999,sl_intrabar,-0.0100469440280714,-0.0100469440280714,4.2518,0.0,2023
1,0.0115063646193314,-0.14402981533699635,sl_intrabar,-0.0017356418695115,-0.0017356418695115,4.2518,0.0,2023
1,0.1439575719698448,0.1439575719698448,sl_intrabar,-0.0004921631481776,-0.0004921631481776,4.2518,0.0018,2023
1,0.026035883347324,0.026035883347324,sl_intrabar,-0.003712384941494,-0.003712384941494,4.2518,0.0006,2023
1,-0.0103999999999999,-0.0103999999999999,sl_intrabar,-0.0096224764975464,-0.009999999999999967,7.0864,0.0,2023
1,-0.0103999999999999,-0.0103999999999999,sl_intrabar,-0.0107745244679914,-0.0107745244679914,7.0864,0.0,2023
1,-0.0105,-0.0105,sl_intrabar,-0.0100189650176838,-0.0100189650176838,7.0864,0.0001,2023
1,-0.0104,-0.0104,sl_intrabar,-0.0102961997828447,-0.0102961997828447,7.0864,0.0,2023
1,0.0348386979131492,0.0348386979131492,sl_intrabar,-0.008065196687121,-0.008065196687121,7.0864,0.0008,2023
1,-0.0106,-0.0106,sl_intrabar,-0.0103213027748876,-0.0103213027748876,7.0864,0.0002,2023
1,-0.0103999999999999,-0.0103999999999999,sl_intrabar,-0.0097670435662251,-0.009999999999999993,7.0864,0.0,2023
1,0.049055828396167,0.049055828396167,sl_intrabar,-0.0051649600738122,-0.0051649600738122,7.0864,0.0014,2023
1,-0.0104,-0.0104,sl_intrabar,-0.0101060012711951,-0.0101060012711951,7.0864,0.0,2023
1,0.0204191888096279,-0.3151431664512049,sl_intrabar,-0.0055126022273704,-0.0055126022273704,7.0864,0.0,2023
1,-0.0105,-0.0105,sl_intrabar,-0.009927077866475,-0.010000000000000018,7.0864,0.0001,2023
1,0.036911232133939,-0.600397621822159,sl_intrabar,-0.0041249669931272,-0.0041249669931272,7.0864,0.0,2023
1,-0.0106,-0.0106,sl_intrabar,-0.0107855661898678,-0.0107855661898678,7.0864,0.0002,2023
1,0.022187245249535,-0.4008533354729707,sl_intrabar,-0.002231416265279,-0.002231416265279,7.0864,0.0,2023
1,0.0303492798147137,-0.45132116722654375,sl_intrabar,-0.0009228554966085,-0.0009228554966085,7.0864,0.0,2023
1,-0.0114999999999999,-0.0114999999999999,sl_intrabar,-0.0103244837758111,-0.0103244837758111,7.0864,0.0011,2023
1,-0.0107,-0.0107,sl_intrabar,-0.0096977909306986,-0.010000000000000016,7.0864,0.0003,2024
1,-0.0104,-0.0104,sl_intrabar,-0.0106826514101576,-0.0106826514101576,4.2518,0.0,2024
1,-0.0103999999999999,-0.0103999999999999,sl_intrabar,-0.0112257290651473,-0.0112257290651473,7.0864,0.0,2024
1,-0.0107,-0.0107,sl_intrabar,-0.0106647607384864,-0.0106647607384864,7.0864,0.0003,2024
1,-0.0106999999999999,-0.0106999999999999,sl_intrabar,-0.0106828057107386,-0.0106828057107386,4.2518,0.0003,2024
1,-0.0103999999999999,-0.0103999999999999,sl_intrabar,-0.0104367653418247,-0.0104367653418247,4.2518,0.0,2024
1,-0.0108999999999999,-0.0108999999999999,sl_intrabar,-0.0112262859378055,-0.0112262859378055,4.2518,0.0005,2024
1,0.0986723906872164,-1.7797247079465353,sl_intrabar,-0.0013561919446428,-0.0013561919446428,7.0864,0.0,2024
1,-0.0107,-0.0107,sl_intrabar,-0.0095254918097945,-0.010000000000000002,7.0864,0.0003,2024
-1,-0.0105,-0.0105,sl_intrabar,-0.0101231479158411,-0.0101231479158411,4.2518,0.0001,2024
-1,-0.0104999999999999,-0.0104999999999999,sl_intrabar,-0.0103790142506187,-0.0103790142506187,7.0864,0.0001,2024
-1,0.013007009612573,-0.05142647054728292,sl_intrabar,-0.0022528531886804,-0.0022528531886804,7.0864,0.0,2024
-1,0.0803385150061963,0.0803385150061963,sl_intrabar,-0.0054426356970391,-0.0054426356970391,4.2518,0.0021,2024
-1,-0.0105999999999999,-0.0105999999999999,sl_intrabar,-0.0102641016062756,-0.0102641016062756,4.2518,0.0002,2024
-1,0.0529406067666803,-1.0399847458436369,sl_intrabar,-0.0010830591889459,-0.0010830591889459,4.2518,0.0,2024
-1,-0.0104999999999999,-0.0104999999999999,sl_intrabar,-0.0097156165141906,-0.009999999999999998,4.2518,0.0001,2024
-1,-0.0105999999999999,-0.0105999999999999,sl_intrabar,-0.0102078071345459,-0.0102078071345459,4.2518,0.0002,2024
1,-0.0106,-0.0106,sl_intrabar,-0.0100273077709916,-0.0100273077709916,4.2518,0.0002,2024
1,-0.0103999999999999,-0.0103999999999999,sl_intrabar,-0.0104369277083245,-0.0104369277083245,4.2518,0.0,2024
1,-0.0104,-0.0104,sl_intrabar,-0.0093329123885005,-0.010000000000000064,4.2518,0.0,2024
1,0.0265263804220468,0.0265263804220468,sl_intrabar,-0.0033778322921717,-0.0033778322921717,4.2518,0.0009,2024
1,-0.0104999999999999,-0.0104999999999999,sl_intrabar,-0.0104230374071825,-0.0104230374071825,4.2518,0.0001,2024
1,0.2147736804748095,0.2147736804748095,sl_intrabar,-0.005108530008238,-0.005108530008238,4.2518,0.0035,2024
1,-0.0108,-0.0108,sl_intrabar,-0.0100477103835144,-0.0100477103835144,4.2518,0.0004,2024
1,-0.0104,-0.0104,sl_intrabar,-0.0106809520798726,-0.0106809520798726,7.0864,0.0,2024
1,-0.0104,-0.0104,sl_intrabar,-0.0095560546624225,-0.010000000000000005,4.2518,0.0,2024
1,0.0261404340643601,-0.3641192119193091,sl_intrabar,-0.0024097897463348,-0.0024097897463348,4.2518,0.0,2024
1,-0.0103999999999999,-0.0103999999999999,sl_intrabar,-0.009802570819514,-0.009999999999999941,4.2518,0.0,2024
1,-0.0105,-0.0105,sl_intrabar,-0.0102756902967998,-0.0102756902967998,7.0864,0.0001,2024
1,0.0159790653458799,-0.21064109954908877,sl_intrabar,-0.0056555118110236,-0.0056555118110236,7.0864,0.0001,2024
1,-0.0106999999999999,-0.0106999999999999,sl_intrabar,-0.0097007991475759,-0.009999999999999967,7.0864,0.0003,2024
1,0.1615717810944177,0.1615717810944177,sl_intrabar,-0.0015137736871595,-0.0015137736871595,4.2518,0.0017,2024
1,-0.0108,-0.0108,sl_intrabar,-0.0094234826176768,-0.010000000000000028,4.2518,0.0004,2024
1,-0.0103999999999999,-0.0103999999999999,sl_intrabar,-0.010180885286559,-0.010180885286559,4.2518,0.0,2024
1,-0.0104000000000001,-0.0104000000000001,sl_intrabar,-0.009142924250614,-0.010000000000000116,4.2518,0.0,2024
1,-0.0106999999999999,-0.0106999999999999,sl_intrabar,-0.0107355795699197,-0.0107355795699197,4.2518,0.0003,2024
1,-0.0108999999999999,-0.0108999999999999,sl_intrabar,-0.0098637286169902,-0.009999999999999988,4.2518,0.0005,2024
1,-0.0104999999999999,-0.0104999999999999,sl_intrabar,-0.0105549574976016,-0.0105549574976016,4.2518,0.0001,2024
1,-0.0107999999999999,-0.0107999999999999,sl_intrabar,-0.0103973562724897,-0.0103973562724897,4.2518,0.0004,2024
1,-0.0104,-0.0104,sl_intrabar,-0.0099171478784835,-0.01,4.2518,0.0,2024
1,-0.0103999999999999,-0.0103999999999999,sl_intrabar,-0.0104222441420935,-0.0104222441420935,4.2518,0.0,2024
1,-0.0104000000000001,-0.0104000000000001,sl_intrabar,-0.0099641459715283,-0.010000000000000113,4.2518,0.0,2024
1,-0.0104,-0.0104,sl_intrabar,-0.0114967235968123,-0.0114967235968123,4.2518,0.0,2024
1,0.0684657995639425,-0.9321843771145021,sl_intrabar,-0.0018536906319521,-0.0018536906319521,7.0864,0.0,2024
1,-0.0103999999999999,-0.0103999999999999,sl_intrabar,-0.0090905001365615,-0.009999999999999943,4.2518,0.0,2024
1,-0.0103999999999999,-0.0103999999999999,sl_intrabar,-0.009717952066096,-0.00999999999999993,4.2518,0.0,2024
1,-0.0103999999999999,-0.0103999999999999,sl_intrabar,-0.0100390958820583,-0.0100390958820583,7.0864,0.0,2024
1,-0.0103999999999999,-0.0103999999999999,sl_intrabar,-0.0083138506930649,-0.009999999999999986,7.0864,0.0,2024
1,-0.0103999999999999,-0.0103999999999999,sl_intrabar,-0.0100801034436078,-0.0100801034436078,7.0864,0.0,2024
1,-0.0104999999999999,-0.0104999999999999,sl_intrabar,-0.0095431506305427,-0.009999999999999943,7.0864,0.0001,2024
1,-0.0104999999999999,-0.0104999999999999,sl_intrabar,-0.0110815599581366,-0.0110815599581366,7.0864,0.0001,2024
1,0.0540298819406451,-0.7602682238766885,sl_intrabar,-0.0003933885346277,-0.0003933885346277,7.0864,0.0,2024
1,-0.0104,-0.0104,sl_intrabar,-0.0110967858082564,-0.0110967858082564,7.0864,0.0,2024
1,0.0894721569756966,0.0894721569756966,sl_intrabar,-0.0048131108770762,-0.0048131108770762,7.0864,0.0011,2024
1,-0.0105,-0.0105,sl_intrabar,-0.0097629951766099,-0.010000000000000096,7.0864,0.0001,2024
1,0.025329310038547,-0.3474055646944491,sl_intrabar,-0.0029726747582268,-0.0029726747582268,7.0864,0.0,2024
1,-0.0105,-0.0105,sl_intrabar,-0.0100704275449954,-0.0100704275449954,7.0864,0.0001,2024
1,-0.0106,-0.0106,sl_intrabar,-0.0100816814253708,-0.0100816814253708,7.0864,0.0002,2024
1,-0.0104,-0.0104,sl_intrabar,-0.0096303756038458,-0.010000000000000002,7.0864,0.0,2024
1,-0.0104,-0.0104,sl_intrabar,-0.0098130437714978,-0.010000000000000004,7.0864,0.0,2024
1,-0.0104,-0.0104,sl_intrabar,-0.0120556372165278,-0.0120556372165278,7.0864,0.0,2024
1,-0.0105,-0.0105,sl_intrabar,-0.009790530339096,-0.010000000000000132,7.0864,0.0001,2024
1,0.0892127704884248,0.0892127704884248,sl_intrabar,-0.0012019542829738,-0.0012019542829738,7.0864,0.0017,2024
1,0.0366139665739053,-0.27111150827651315,sl_intrabar,-0.0056704445366467,-0.0056704445366467,7.0864,0.0,2024
1,-0.0107,-0.0107,sl_intrabar,-0.0106666809339354,-0.0106666809339354,7.0864,0.0003,2024
1,-0.0104,-0.0104,sl_intrabar,-0.0091463238157187,-0.010000000000000012,7.0864,0.0,2024
1,-0.0104,-0.0104,sl_intrabar,-0.0108583108081116,-0.0108583108081116,7.0864,0.0,2024
-1,-0.0104,-0.0104,sl_intrabar,-0.010826798448444,-0.010826798448444,4.2518,0.0,2024
-1,-0.0103999999999999,-0.0103999999999999,sl_intrabar,-0.0095923917261418,-0.01000000000000007,4.2518,0.0,2024
-1,0.0688898872023688,-0.367402859757905,sl_intrabar,-0.0057827896959561,-0.0057827896959561,4.2518,0.0001,2024
-1,-0.0103999999999999,-0.0103999999999999,sl_intrabar,-0.0105526719999999,-0.0105526719999999,4.2518,0.0,2024
-1,0.0239251605281293,0.0239251605281293,sl_intrabar,-0.0080035891094912,-0.0080035891094912,7.0864,0.0004,2024
-1,-0.0104,-0.0104,sl_intrabar,-0.0099775824210668,-0.01000000000000003,7.0864,0.0,2024
-1,-0.0103999999999999,-0.0103999999999999,sl_intrabar,-0.009970294117647,-0.009999999999999997,7.0864,0.0,2024
-1,-0.0106,-0.0106,sl_intrabar,-0.0109527988848579,-0.0109527988848579,7.0864,0.0002,2024
-1,0.0591251510931561,-0.9965794677231319,sl_intrabar,-0.0067660678783455,-0.0067660678783455,7.0864,0.0001,2024
-1,-0.0104999999999999,-0.0104999999999999,sl_intrabar,-0.00968461068495,-0.009999999999999919,7.0864,0.0001,2024
-1,-0.0103999999999999,-0.0103999999999999,sl_intrabar,-0.0103052830593593,-0.0103052830593593,7.0864,0.0,2024
-1,0.047395544184959,0.047395544184959,sl_intrabar,-0.0054011593829217,-0.0054011593829217,7.0864,0.0007,2024
-1,0.0126069600640755,0.0126069600640755,sl_intrabar,-0.008088204193083,-0.008088204193083,4.2518,0.0005,2024
-1,-0.0103999999999999,-0.0103999999999999,sl_intrabar,-0.0099625276646813,-0.009999999999999969,4.2518,0.0,2024
-1,0.0143542507830783,0.0143542507830783,sl_intrabar,-0.0002559874361994,-0.0002559874361994,7.0864,0.0011,2024
-1,-0.0104,-0.0104,sl_intrabar,-0.0108791113315652,-0.0108791113315652,7.0864,0.0,2024
-1,-0.0105999999999999,-0.0105999999999999,sl_intrabar,-0.0095290933270749,-0.010000000000000097,7.0864,0.0002,2024
-1,-0.0104999999999999,-0.0104999999999999,sl_intrabar,-0.0095424652826592,-0.009999999999999959,7.0864,0.0001,2024
-1,-0.0104,-0.0104,sl_intrabar,-0.0095612968239627,-0.010000000000000005,7.0864,0.0,2024
-1,-0.0109,-0.0109,sl_intrabar,-0.0101743739928895,-0.0101743739928895,4.2518,0.0005,2024
-1,0.0367836200467753,0.0367836200467753,sl_intrabar,-0.0071688343024593,-0.0071688343024593,4.2518,0.0007,2024
-1,-0.0104,-0.0104,sl_intrabar,-0.009743329923504,-0.010000000000000009,7.0864,0.0,2024
1,-0.0106,-0.0106,sl_intrabar,-0.0103923226887899,-0.0103923226887899,4.2518,0.0002,2024
1,0.0272516987949963,0.0272516987949963,sl_intrabar,-0.0025095543741885,-0.0025095543741885,4.2518,0.0009,2024
1,-0.0109999999999999,-0.0109999999999999,sl_intrabar,-0.010129627577911,-0.010129627577911,4.2518,0.0006,2024
1,-0.0105,-0.0105,sl_intrabar,-0.0097481303461034,-0.010000000000000004,4.2518,0.0001,2024
1,-0.0103999999999999,-0.0103999999999999,sl_intrabar,-0.0098728757272783,-0.009999999999999964,4.2518,0.0,2024
1,0.0112245176338379,0.0112245176338379,sl_intrabar,-0.006578947368421,-0.006578947368421,4.2518,0.0007,2024
1,-0.0104,-0.0104,sl_intrabar,-0.0099900571890971,-0.010000000000000031,4.2518,0.0,2024
1,-0.0104,-0.0104,sl_intrabar,-0.0100591592650783,-0.0100591592650783,7.0864,0.0,2024
1,0.0167260060817238,-0.523056172482826,sl_intrabar,-0.0037246635411564,-0.007409547489392046,7.0864,0.0,2024
1,0.0280438342412565,-0.43487303541639094,sl_intrabar,-0.0016583258145065,-0.0016583258145065,7.0864,0.0,2024
1,-0.0103999999999999,-0.0103999999999999,sl_intrabar,-0.0089706936306989,-0.009999999999999922,4.2518,0.0,2024
1,-0.0103999999999999,-0.0103999999999999,sl_intrabar,-0.0100392057355071,-0.0100392057355071,7.0864,0.0,2024
1,0.0169397515150885,-0.28772389361137723,sl_intrabar,-0.0048220330958075,-0.0048220330958075,7.0864,0.0,2024
1,0.0448676023942271,0.0448676023942271,sl_intrabar,-0.0070323093743958,-0.0070323093743958,7.0864,0.0017,2024
1,0.0199279075151825,0.0199279075151825,sl_intrabar,-0.0028656345395275,-0.0028656345395275,4.2518,0.0,2024
1,0.0237408081558171,-0.4634109592353069,sl_intrabar,-0.0046572140764152,-0.0046572140764152,7.0864,0.0002,2024
1,-0.0106,-0.0106,sl_intrabar,-0.0097020228058905,-0.010000000000000004,4.2518,0.0002,2024
-1,-0.0105,-0.0105,sl_intrabar,-0.0101127045979012,-0.0101127045979012,4.2518,0.0001,2024
-1,0.0189093123328328,0.0189093123328328,sl_intrabar,-5.251641137864071e-05,-5.251641137864071e-05,4.2518,0.0,2024
-1,0.0172260567097799,0.0172260567097799,sl_intrabar,-0.0073691152127069,-0.0073691152127069,4.2518,0.001,2024
-1,0.0094701337832951,0.0094701337832951,sl_intrabar,-0.004119030341717,-0.004119030341717,4.2518,0.0,2024
-1,-0.0104,-0.0104,sl_intrabar,-0.0107480507728731,-0.0107480507728731,4.2518,0.0,2024
-1,-0.0105999999999999,-0.0105999999999999,sl_intrabar,-0.0095686198867471,-0.009999999999999955,4.2518,0.0002,2024
-1,0.0838753165325151,0.0838753165325151,sl_intrabar,-0.0017263165661825,-0.0017263165661825,4.2518,0.0017,2024
-1,-0.0105,-0.0105,sl_intrabar,-0.0096215798782393,-0.01000000000000002,4.2518,0.0001,2024
-1,-0.0111999999999999,-0.0111999999999999,sl_intrabar,-0.0105552581940122,-0.0105552581940122,7.0864,0.0008,2024
-1,0.0345485734841444,-0.5089111317620086,sl_intrabar,-0.0004590629436819,-0.0004590629436819,7.0864,0.0,2024
-1,0.1287085490614854,0.1287085490614854,sl_intrabar,-0.0016904228908924,-0.0016904228908924,7.0864,0.0015,2024
-1,-0.0105,-0.0105,sl_intrabar,-0.0089265758101137,-0.01000000000000002,7.0864,0.0001,2024
-1,-0.0103999999999999,-0.0103999999999999,sl_intrabar,-0.0095673949322949,-0.009999999999999969,4.2518,0.0,2024
-1,-0.0104,-0.0104,sl_intrabar,-0.0109614838087633,-0.0109614838087633,7.0864,0.0,2024
-1,-0.0104,-0.0104,sl_intrabar,-0.009474780818082,-0.010000000000000005,7.0864,0.0,2024
-1,-0.0105,-0.0105,sl_intrabar,-0.0106499863830879,-0.0106499863830879,7.0864,0.0001,2024
-1,-0.0103999999999999,-0.0103999999999999,sl_intrabar,-0.0108344178408873,-0.0108344178408873,7.0864,0.0,2024
-1,-0.0105,-0.0105,sl_intrabar,-0.01,-0.010000000000000009,4.2518,0.0001,2024
-1,-0.0104999999999999,-0.0104999999999999,sl_intrabar,-0.0103725975485771,-0.0103725975485771,7.0864,0.0001,2024
1,0.0364818251115152,0.0364818251115152,sl_intrabar,-0.008541074863381,-0.008541074863381,4.2518,0.0012,2024
1,-0.0109,-0.0109,sl_intrabar,-0.0105475146691845,-0.0105475146691845,4.2518,0.0005,2024
1,-0.0104000000000001,-0.0104000000000001,sl_intrabar,-0.0091942038284676,-0.010000000000000104,4.2518,0.0,2024
1,-0.0104000000000001,-0.0104000000000001,sl_intrabar,-0.0095255989911728,-0.0100000000000001,4.2518,0.0,2024
1,0.0241619438418711,-0.46533730525932265,sl_intrabar,-0.0070189392961933,-0.0070189392961933,4.2518,0.0001,2024
1,-0.0103999999999999,-0.0103999999999999,sl_intrabar,-0.0101055903460254,-0.0101055903460254,4.2518,0.0,2024
1,0.0443826982675485,-0.13822225221823378,sl_intrabar,-0.009457936455904,-0.009457936455904,4.2518,0.0001,2024
1,-0.0106999999999999,-0.0106999999999999,sl_intrabar,-0.0099149613016162,-0.009999999999999983,4.2518,0.0003,2024
1,-0.0106999999999999,-0.0106999999999999,sl_intrabar,-0.009737038136222,-0.009999999999999969,4.2518,0.0003,2024
1,0.0328969891387926,-0.7090201821414841,sl_intrabar,-0.0040760645018803,-0.0040760645018803,7.0864,0.0,2024
1,-0.0103999999999999,-0.0103999999999999,sl_intrabar,-0.0103909852412041,-0.0103909852412041,7.0864,0.0,2024
1,-0.0104,-0.0104,sl_intrabar,-0.0093257258753524,-0.010000000000000031,7.0864,0.0,2024
1,-0.0105,-0.0105,sl_intrabar,-0.0083378111337664,-0.010000000000000026,7.0864,0.0001,2024
-1,-0.0104999999999999,-0.0104999999999999,sl_intrabar,-0.0101073516386182,-0.0101073516386182,7.0864,0.0001,2024
-1,0.0803847292459342,-1.4219386701058316,sl_intrabar,-0.0057082716423767,-0.0057082716423767,7.0864,0.0,2024
-1,-0.0104,-0.0104,sl_intrabar,-0.0101234173513973,-0.0101234173513973,7.0864,0.0,2024
-1,0.0710015907650239,-1.3773337441967723,sl_intrabar,-0.0041035430790441,-0.0041035430790441,7.0864,0.0,2024
-1,-0.0103999999999999,-0.0103999999999999,sl_intrabar,-0.0098503336620833,-0.009999999999999978,7.0864,0.0,2024
-1,-0.0105,-0.0105,sl_intrabar,-0.0098835176675855,-0.009999999999999927,7.0864,0.0001,2024
-1,-0.0109,-0.0109,sl_intrabar,-0.0094898396610451,-0.010000000000000035,7.0864,0.0005,2024
-1,-0.0105,-0.0105,sl_intrabar,-0.0105039945060102,-0.0105039945060102,7.0864,0.0001,2024
-1,-0.0105999999999999,-0.0105999999999999,sl_intrabar,-0.0107913329152412,-0.0107913329152412,7.0864,0.0002,2024
-1,-0.0103999999999999,-0.0103999999999999,sl_intrabar,-0.00991571641913,-0.009999999999999972,7.0864,0.0,2024
-1,-0.0103999999999999,-0.0103999999999999,sl_intrabar,-0.0098520952172572,-0.009999999999999997,7.0864,0.0,2024
-1,-0.0105999999999999,-0.0105999999999999,sl_intrabar,-0.00957829736738,-0.009999999999999972,7.0864,0.0002,2024
-1,0.0428868003341687,-0.3716762740183778,sl_intrabar,-0.0056869300759647,-0.0056869300759647,7.0864,0.0001,2024
-1,-0.0103999999999999,-0.0103999999999999,sl_intrabar,-0.0098194788879321,-0.009999999999999997,7.0864,0.0,2024
-1,-0.0103999999999999,-0.0103999999999999,sl_intrabar,-0.0101000287211179,-0.0101000287211179,7.0864,0.0,2024
-1,-0.0104,-0.0104,sl_intrabar,-0.0098767762553673,-0.010000000000000009,7.0864,0.0,2024
-1,-0.0104999999999999,-0.0104999999999999,sl_intrabar,-0.0092543355213924,-0.009999999999999997,7.0864,0.0001,2024
1,-0.0111,-0.0111,sl_intrabar,-0.0110079973056454,-0.0110079973056454,4.2518,0.0007,2024
1,-0.0104,-0.0104,sl_intrabar,-0.0100921427084056,-0.0100921427084056,4.2518,0.0,2024
1,-0.0103999999999999,-0.0103999999999999,sl_intrabar,-0.0101588753550623,-0.0101588753550623,4.2518,0.0,2024
-1,-0.0111999999999999,-0.0111999999999999,sl_intrabar,-0.0099317438434298,-0.009999999999999967,4.2518,0.0008,2024
-1,0.0667243862539859,0.0667243862539859,sl_intrabar,-0.004875942078076,-0.004875942078076,4.2518,0.0021,2024
-1,-0.0106999999999999,-0.0106999999999999,sl_intrabar,-0.0098983212063985,-0.009999999999999995,4.2518,0.0003,2024
-1,0.0268829648278441,-0.5976439747586223,sl_intrabar,-0.0090737539514734,-0.0090737539514734,7.0864,0.0001,2024
1,-0.0104,-0.0104,sl_intrabar,-0.0093753097187259,-0.009999999999999946,4.2518,0.0,2024
1,-0.0107999999999999,-0.0107999999999999,sl_intrabar,-0.0096951041928194,-0.009999999999999969,4.2518,0.0004,2024
1,-0.0104,-0.0104,sl_intrabar,-0.0093939502452949,-0.010000000000000037,4.2518,0.0,2024
1,0.0311534039502226,-0.5243596897665636,sl_intrabar,-0.001330377709322,-0.001330377709322,7.0864,0.0,2024
1,-0.0103999999999999,-0.0103999999999999,sl_intrabar,-0.009939889428055,-0.01000000000000007,4.2518,0.0,2024
1,-0.0104,-0.0104,sl_intrabar,-0.0082366082164247,-0.010000000000000064,4.2518,0.0,2024
1,0.0556331438732943,0.0556331438732943,sl_intrabar,-0.0005930035546991,-0.0005930035546991,4.2518,0.0007,2024
1,-0.0104999999999999,-0.0104999999999999,sl_intrabar,-0.0098291571213031,-0.009999999999999974,4.2518,0.0001,2024
1,-0.0104,-0.0104,sl_intrabar,-0.0093796777636786,-0.01000000000000004,4.2518,0.0,2024
1,0.0146001662642017,0.0146001662642017,sl_intrabar,-0.0088254702723915,-0.0088254702723915,4.2518,0.0008,2024
1,-0.0113,-0.0113,sl_intrabar,-0.0095541404210972,-0.010000000000000012,4.2518,0.0009,2024
1,-0.0104,-0.0104,sl_intrabar,-0.0099054142102658,-0.010000000000000035,4.2518,0.0,2024
1,0.0212900130597484,-0.37611907099982583,sl_intrabar,-0.0011710741544247,-0.0011710741544247,4.2518,0.0,2024
-1,-0.0107999999999999,-0.0107999999999999,sl_intrabar,-0.0100487859071521,-0.0100487859071521,7.0864,0.0004,2024
-1,-0.0104,-0.0104,sl_intrabar,-0.0100112600057973,-0.0100112600057973,4.2518,0.0,2024
-1,-0.0104,-0.0104,sl_intrabar,-0.0089565261214951,-0.010000000000000045,7.0864,0.0,2024
-1,-0.0113999999999999,-0.0113999999999999,sl_intrabar,-0.0090152002361821,-0.009999999999999962,4.2518,0.001,2024
-1,-0.0104999999999999,-0.0104999999999999,sl_intrabar,-0.010067612476271,-0.010067612476271,4.2518,0.0001,2024
-1,-0.0107,-0.0107,sl_intrabar,-0.0098569728329532,-0.010000000000000057,4.2518,0.0003,2024
1,0.040676167076167,0.040676167076167,sl_intrabar,-0.0074078501143972,-0.0074078501143972,4.2518,0.001,2024
1,-0.0107,-0.0107,sl_intrabar,-0.0095459277648755,-0.010000000000000085,4.2518,0.0003,2024
1,-0.0107999999999999,-0.0107999999999999,sl_intrabar,-0.0100058104558859,-0.0100058104558859,4.2518,0.0004,2024
1,-0.0104,-0.0104,sl_intrabar,-0.0099225245737522,-0.010000000000000044,4.2518,0.0,2024
1,-0.0106,-0.0106,sl_intrabar,-0.0101562132502894,-0.0101562132502894,4.2518,0.0002,2024
1,0.0276416379898466,-0.26673358885196,sl_intrabar,-0.0019845449238381,-0.0019845449238381,7.0864,0.0,2024
1,-0.0106,-0.0106,sl_intrabar,-0.009022250369806,-0.010000000000000099,4.2518,0.0002,2024
1,0.0108200464949928,-0.26933046614211087,sl_intrabar,-0.0024071403887175,-0.0024071403887175,7.0864,0.0,2024
1,0.0755404731603753,0.0755404731603753,sl_intrabar,-0.000732664136911,-0.000732664136911,7.0864,0.0016,2024
1,-0.0106,-0.0106,sl_intrabar,-0.0101306334604098,-0.0101306334604098,4.2518,0.0002,2024
1,-0.0103999999999999,-0.0103999999999999,sl_intrabar,-0.0102465912387582,-0.0102465912387582,4.2518,0.0,2024
1,-0.0106,-0.0106,sl_intrabar,-0.0092334662119975,-0.01,4.2518,0.0002,2024
1,0.0491219585409145,-0.8556904085374702,sl_intrabar,-0.0006418165459719,-0.0006418165459719,7.0864,0.0,2024
1,0.2831885581759279,0.2831885581759279,sl_intrabar,-0.0097328517423994,-0.0097328517423994,4.2518,0.0028,2024
1,-0.0105999999999999,-0.0105999999999999,sl_intrabar,-0.009654935814247,-0.009999999999999981,4.2518,0.0002,2024
1,-0.0106,-0.0106,sl_intrabar,-0.0090659318677363,-0.01000000000000006,4.2518,0.0002,2024
1,-0.0104,-0.0104,sl_intrabar,-0.0117789834442176,-0.0117789834442176,4.2518,0.0,2024
1,-0.0103999999999999,-0.0103999999999999,sl_intrabar,-0.0085138339228992,-0.010000000000000118,4.2518,0.0,2024
1,0.0753864923230055,0.0753864923230055,sl_intrabar,-0.0090843767011431,-0.0090843767011431,4.2518,0.0014,2024
1,-0.0104,-0.0104,sl_intrabar,-0.0104060995544927,-0.0104060995544927,4.2518,0.0,2024
1,-0.0104,-0.0104,sl_intrabar,-0.0103449601082228,-0.0103449601082228,4.2518,0.0,2024
1,-0.0103999999999999,-0.0103999999999999,sl_intrabar,-0.0102523109201484,-0.0102523109201484,4.2518,0.0,2024
1,-0.0103999999999999,-0.0103999999999999,sl_intrabar,-0.010249454944576,-0.010249454944576,4.2518,0.0,2024
1,0.0429157728723467,0.0429157728723467,sl_intrabar,-0.007390344152632,-0.007390344152632,4.2518,0.0012,2024
1,-0.0103999999999999,-0.0103999999999999,sl_intrabar,-0.0102655841432728,-0.0102655841432728,4.2518,0.0,2024
1,-0.0104,-0.0104,sl_intrabar,-0.0097372798127756,-0.010000000000000004,4.2518,0.0,2024
1,-0.0104,-0.0104,sl_intrabar,-0.0098784707412223,-0.010000000000000023,4.2518,0.0,2024
1,0.009733905620574,-0.22640340577647286,sl_intrabar,-0.0085630268411134,-0.0085630268411134,7.0864,0.0,2024
1,-0.0104,-0.0104,sl_intrabar,-0.0081835336896384,-0.01000000000000007,7.0864,0.0,2024
1,-0.0104,-0.0104,sl_intrabar,-0.0086892290539128,-0.01000000000000004,4.2518,0.0,2024
1,-0.0103999999999999,-0.0103999999999999,sl_intrabar,-0.0116207108758387,-0.0116207108758387,4.2518,0.0,2024
1,0.0441631193839036,-0.6018396326430251,sl_intrabar,-0.008931301820295,-0.008931301820295,4.2518,0.0007,2024
1,-0.0104,-0.0104,sl_intrabar,-0.0093862802033818,-0.010000000000000061,4.2518,0.0,2024
1,-0.0104,-0.0104,sl_intrabar,-0.0110906103447095,-0.0110906103447095,4.2518,0.0,2024
1,-0.0103999999999999,-0.0103999999999999,sl_intrabar,-0.0095083825309161,-0.009999999999999997,4.2518,0.0,2024
1,0.051904672679089,0.051904672679089,sl_intrabar,-0.006898241592119,-0.006898241592119,4.2518,0.0007,2024
1,0.0533792767660118,0.0533792767660118,sl_intrabar,-0.0063201955742819,-0.0063201955742819,4.2518,0.0014,2024
1,0.0475512386553871,-0.6178595021534273,sl_intrabar,-0.0005897953489572,-0.0005897953489572,4.2518,0.0,2024
1,-0.0104,-0.0104,sl_intrabar,-0.006855800630192,-0.00999999999999993,7.0864,0.0,2024
1,-0.0103999999999999,-0.0103999999999999,sl_intrabar,-0.0090341892165323,-0.009999999999999974,7.0864,0.0,2024
1,-0.0104,-0.0104,sl_intrabar,-0.0099076594592785,-0.010000000000000063,7.0864,0.0,2024
1,-0.0105,-0.0105,sl_intrabar,-0.0102279966195307,-0.0102279966195307,7.0864,0.0001,2024
1,-0.0104,-0.0104,sl_intrabar,-0.00973608141802,-0.01000000000000003,7.0864,0.0,2024
-1,-0.0104,-0.0104,sl_intrabar,-0.0074030347632938,-0.01000000000000001,4.2518,0.0,2024
-1,-0.0104,-0.0104,sl_intrabar,-0.0091406412858048,-0.009999999999999861,4.2518,0.0,2024
-1,0.0385063706956132,-0.7314802130341108,sl_intrabar,-0.0010460251046025,-0.0010460251046025,4.2518,0.0,2024
-1,-0.0103999999999999,-0.0103999999999999,sl_intrabar,-0.0098974450620304,-0.009999999999999974,7.0864,0.0,2024
-1,-0.0106,-0.0106,sl_intrabar,-0.0105144330328195,-0.0105144330328195,4.2518,0.0002,2024
-1,-0.0104,-0.0104,sl_intrabar,-0.0106740823136819,-0.0106740823136819,4.2518,0.0,2024
-1,-0.0104,-0.0104,sl_intrabar,-0.0094389671133187,-0.010000000000000024,4.2518,0.0,2024
-1,0.0118180674894879,-0.277837640036225,sl_intrabar,-0.003525971609336,-0.003525971609336,4.2518,0.0,2024
-1,-0.0103999999999999,-0.0103999999999999,sl_intrabar,-0.0104690261254893,-0.0104690261254893,4.2518,0.0,2025
-1,-0.0103999999999999,-0.0103999999999999,sl_intrabar,-0.0116448702208739,-0.0116448702208739,7.0864,0.0,2025
-1,0.0394295291113842,-0.5726820895399669,sl_intrabar,-0.0061558937668618,-0.0061558937668618,7.0864,0.0001,2025
-1,0.0455714549740074,-0.922968767377579,sl_intrabar,-0.0005036040756321,-0.0005036040756321,7.0864,0.0,2025
-1,-0.0106999999999999,-0.0106999999999999,sl_intrabar,-0.0076913135479041,-0.00999999999999994,7.0864,0.0003,2025
1,-0.0105,-0.0105,sl_intrabar,-0.0102433776099259,-0.0102433776099259,4.2518,0.0001,2025
1,-0.0103999999999999,-0.0103999999999999,sl_intrabar,-0.0091735299839726,-0.009999999999999988,7.0864,0.0,2025
1,-0.0104,-0.0104,sl_intrabar,-0.0105505199354946,-0.0105505199354946,7.0864,0.0,2025
1,-0.0103999999999999,-0.0103999999999999,sl_intrabar,-0.0093869806549433,-0.009999999999999972,7.0864,0.0,2025
-1,0.0024710403988779,0.0024710403988779,sl_intrabar,-0.0094852095038245,-0.0094852095038245,4.2518,0.0004,2025
-1,-0.0103999999999999,-0.0103999999999999,sl_intrabar,-0.0102961343415687,-0.0102961343415687,4.2518,0.0,2025
-1,-0.0103999999999999,-0.0103999999999999,sl_intrabar,-0.0088424312651427,-0.009999999999999995,7.0864,0.0,2025
-1,-0.0103999999999999,-0.0103999999999999,sl_intrabar,-0.0096619854611162,-0.009999999999999945,7.0864,0.0,2025
-1,-0.0104,-0.0104,sl_intrabar,-0.0074495051889917,-0.010000000000000078,7.0864,0.0,2025
-1,0.0707216181880447,-1.3578308723942503,sl_intrabar,-0.0033687015177743,-0.0033687015177743,7.0864,0.0,2025
1,-0.0111999999999999,-0.0111999999999999,sl_intrabar,-0.0111062713575147,-0.0111062713575147,4.2518,0.0008,2025
1,-0.0104,-0.0104,sl_intrabar,-0.0162680283409077,-0.0162680283409077,4.2518,0.0,2025
1,-0.0103999999999999,-0.0103999999999999,sl_intrabar,-0.0102454502042764,-0.0102454502042764,4.2518,0.0,2025
1,-0.0108,-0.0108,sl_intrabar,-0.0096005551724439,-0.010000000000000002,4.2518,0.0004,2025
1,0.0531192112193992,-0.36570656702240945,sl_intrabar,-0.0061204963519407,-0.0061204963519407,7.0864,0.0,2025
1,-0.0105,-0.0105,sl_intrabar,-0.0099793460727667,-0.010000000000000049,7.0864,0.0001,2025
1,-0.0107999999999999,-0.0107999999999999,sl_intrabar,-0.0104810559919351,-0.0104810559919351,7.0864,0.0004,2025
1,-0.0104,-0.0104,sl_intrabar,-0.0120594184461701,-0.0120594184461701,7.0864,0.0,2025
1,-0.0106999999999999,-0.0106999999999999,sl_intrabar,-0.0113081869708482,-0.0113081869708482,7.0864,0.0003,2025
1,-0.0104,-0.0104,sl_intrabar,-0.0100067462391906,-0.0100067462391906,7.0864,0.0,2025
1,-0.0108999999999999,-0.0108999999999999,sl_intrabar,-0.0091551963302646,-0.009999999999999957,7.0864,0.0005,2025
1,-0.0103999999999999,-0.0103999999999999,sl_intrabar,-0.009832789372406,-0.009999999999999972,7.0864,0.0,2025
1,-0.0104,-0.0104,sl_intrabar,-0.0093965922988,-0.010000000000000009,7.0864,0.0,2025
1,-0.0104,-0.0104,sl_intrabar,-0.0096829471528392,-0.009999999999999903,7.0864,0.0,2025
-1,-0.0105,-0.0105,sl_intrabar,-0.0096340426141685,-0.010000000000000042,4.2518,0.0001,2025
-1,0.0599306655957278,-0.8600698115552057,sl_intrabar,-0.0006963608440569,-0.0006963608440569,4.2518,0.0,2025
-1,-0.0111,-0.0111,sl_intrabar,-0.0086659026731976,-0.010000000000000047,4.2518,0.0007,2025
-1,-0.0106999999999999,-0.0106999999999999,sl_intrabar,-0.0114368691846609,-0.0114368691846609,4.2518,0.0003,2025
-1,0.0078954954806173,0.0078954954806173,sl_intrabar,-0.0018332818637298,-0.0018332818637298,4.2518,0.0,2025
-1,-0.0103999999999999,-0.0103999999999999,sl_intrabar,-0.0091832253882677,-0.009999999999999997,4.2518,0.0,2025
-1,-0.0104999999999999,-0.0104999999999999,sl_intrabar,-0.0101837686921965,-0.0101837686921965,7.0864,0.0001,2025
-1,-0.0105999999999999,-0.0105999999999999,sl_intrabar,-0.0109486846791307,-0.0109486846791307,4.2518,0.0002,2025
-1,0.0168849698157989,-0.11901307466075162,sl_intrabar,-0.0005678879009933,-0.0005678879009933,4.2518,0.0,2025
-1,-0.0105,-0.0105,sl_intrabar,-0.0101811047044933,-0.0101811047044933,4.2518,0.0001,2025
-1,0.016503615103171,-0.45383947771771344,sl_intrabar,-0.0041124198788937,-0.004475616388687455,7.0864,0.0,2025
-1,-0.0117999999999999,-0.0117999999999999,sl_intrabar,-0.0098933104427159,-0.010000000000000122,7.0864,0.0014,2025
-1,-0.0103999999999999,-0.0103999999999999,sl_intrabar,-0.0091796374029484,-0.009999999999999983,7.0864,0.0,2025
-1,-0.0105,-0.0105,sl_intrabar,-0.0104135051327818,-0.0104135051327818,4.2518,0.0001,2025
-1,0.1622176987595837,0.1622176987595837,sl_intrabar,-0.0008210792688356,-0.0008210792688356,4.2518,0.002,2025
-1,-0.0105,-0.0105,sl_intrabar,-0.0093407110901813,-0.01000000000000003,4.2518,0.0001,2025
-1,0.1162528695814601,-1.779342676294909,sl_intrabar,-0.001063930219755,-0.001063930219755,7.0864,0.0,2025
-1,-0.0103999999999999,-0.0103999999999999,sl_intrabar,-0.0084620830446373,-0.009999999999999957,7.0864,0.0,2025
-1,-0.0103999999999999,-0.0103999999999999,sl_intrabar,-0.0105828036906289,-0.0105828036906289,4.2518,0.0,2025
-1,-0.0104,-0.0104,sl_intrabar,-0.0108318050009343,-0.0108318050009343,4.2518,0.0,2025
-1,-0.0104,-0.0104,sl_intrabar,-0.0026056515529168,-0.010000000000000012,4.2518,0.0,2025
-1,0.081444552866684,-0.7660988160291453,sl_intrabar,-0.0061258748538748,-0.0061258748538748,7.0864,0.0001,2025
-1,-0.0104,-0.0104,sl_intrabar,-0.0089431859958712,-0.010000000000000066,7.0864,0.0,2025
-1,0.0877259515570933,0.0877259515570933,sl_intrabar,-0.0036900496897423,-0.0036900496897423,4.2518,0.0014,2025
-1,-0.0104,-0.0104,sl_intrabar,-0.010480023546413,-0.010480023546413,4.2518,0.0,2025
-1,-0.0104,-0.0104,sl_intrabar,-0.0096360489729483,-0.010000000000000078,7.0864,0.0,2025
-1,0.0371330904144655,-0.6968202134316954,sl_intrabar,-0.001411738065388,-0.001411738065388,4.2518,0.0,2025
-1,-0.0106999999999999,-0.0106999999999999,sl_intrabar,-0.0098246771698667,-0.009999999999999962,4.2518,0.0003,2025
1,-0.0105,-0.0105,sl_intrabar,-0.0095514001410756,-0.010000000000000012,4.2518,0.0001,2025
1,-0.0107,-0.0107,sl_intrabar,-0.010571485952993,-0.010571485952993,4.2518,0.0003,2025
1,-0.0105,-0.0105,sl_intrabar,-0.0098019205418403,-0.01000000000000009,4.2518,0.0001,2025
1,-0.0104,-0.0104,sl_intrabar,-0.0103143984949045,-0.0103143984949045,4.2518,0.0,2025
1,0.0372903634162628,-0.8087885475847844,sl_intrabar,-0.006256424166286,-0.006256424166286,7.0864,0.0001,2025
1,0.0465495145842324,-0.8279411040957213,sl_intrabar,-0.0036051435641287,-0.0036051435641287,7.0864,0.0,2025
1,-0.0103999999999999,-0.0103999999999999,sl_intrabar,-0.0102334428875644,-0.0102334428875644,7.0864,0.0,2025
1,0.0488725787968047,0.0488725787968047,sl_intrabar,-0.0050946063308295,-0.0050946063308295,7.0864,0.0008,2025
1,-0.0104999999999999,-0.0104999999999999,sl_intrabar,-0.0109165115660728,-0.0109165115660728,7.0864,0.0001,2025
1,-0.0104999999999999,-0.0104999999999999,sl_intrabar,-0.0106193564040839,-0.0106193564040839,7.0864,0.0001,2025
1,-0.0106,-0.0106,sl_intrabar,-0.0103811801000839,-0.0103811801000839,7.0864,0.0002,2025
-1,-0.0103999999999999,-0.0103999999999999,sl_intrabar,-0.0109285221788093,-0.0109285221788093,4.2518,0.0,2025
-1,-0.0104000000000001,-0.0104000000000001,sl_intrabar,-0.0063751431261291,-0.0100000000000001,4.2518,0.0,2025
-1,-0.0107999999999999,-0.0107999999999999,sl_intrabar,-0.0093226463537312,-0.009999999999999943,4.2518,0.0004,2025
-1,-0.0107,-0.0107,sl_intrabar,-0.0103302909019914,-0.0103302909019914,7.0864,0.0003,2025
-1,0.0701899919405907,-1.4797291741024312,sl_intrabar,-0.0021196988036358,-0.0021196988036358,7.0864,0.0,2025
-1,-0.0104,-0.0104,sl_intrabar,-0.0101249391797722,-0.0101249391797722,7.0864,0.0,2025
-1,-0.0106999999999999,-0.0106999999999999,sl_intrabar,-0.0099286051736507,-0.009999999999999934,7.0864,0.0003,2025
-1,-0.0104,-0.0104,sl_intrabar,-0.0096892855046088,-0.010000000000000073,7.0864,0.0,2025
1,0.0783073035425677,0.0783073035425677,sl_intrabar,-0.0067629448609443,-0.0067629448609443,4.2518,0.0009,2025
1,0.0145086043230924,0.0145086043230924,sl_intrabar,-0.0012039749333915,-0.0012039749333915,4.2518,0.0007,2025
1,-0.0108999999999999,-0.0108999999999999,sl_intrabar,-0.0102476609796367,-0.0102476609796367,4.2518,0.0005,2025
1,0.0291467785512221,0.0291467785512221,sl_intrabar,-0.005889535757291,-0.005889535757291,4.2518,0.0008,2025
1,-0.0104999999999999,-0.0104999999999999,sl_intrabar,-0.0097105084155992,-0.00999999999999994,4.2518,0.0001,2025
1,-0.0103999999999999,-0.0103999999999999,sl_intrabar,-0.0099822323101691,-0.009999999999999983,7.0864,0.0,2025
1,0.0237747256853619,0.0237747256853619,sl_intrabar,-0.0093905534026028,-0.0093905534026028,7.0864,0.0003,2025
1,-0.0103999999999999,-0.0103999999999999,sl_intrabar,-0.0096350710900473,-0.009999999999999941,4.2518,0.0,2025
1,0.0528206320591515,0.0528206320591515,sl_intrabar,-0.0030188252243658,-0.0030188252243658,4.2518,0.0014,2025
1,-0.0104999999999999,-0.0104999999999999,sl_intrabar,-0.0102222394902478,-0.0102222394902478,4.2518,0.0001,2025
1,0.0056613548808703,-0.2785282909882799,sl_intrabar,-0.0023881652073397,-0.006856356294999994,4.2518,0.0,2025
1,0.0112624592745015,0.0112624592745015,sl_intrabar,-0.0019445042195838,-0.0019445042195838,4.2518,0.0001,2025
1,-0.0105,-0.0105,sl_intrabar,-0.010880428870062,-0.010880428870062,4.2518,0.0001,2025
1,0.0252586512378767,0.0252586512378767,sl_intrabar,-0.0084415615965794,-0.0084415615965794,7.0864,0.0006,2025
1,-0.0104999999999999,-0.0104999999999999,sl_intrabar,-0.0104240237582647,-0.0104240237582647,4.2518,0.0001,2025
1,0.0348510777881911,0.0348510777881911,sl_intrabar,-0.0058651741223568,-0.0058651741223568,4.2518,0.0008,2025
1,-0.0105,-0.0105,sl_intrabar,-0.0100619045298263,-0.0100619045298263,4.2518,0.0001,2025
1,0.0297272330387668,-0.256962922997761,sl_intrabar,-0.005062645449458,-0.005062645449458,4.2518,0.0001,2025
1,-0.0104999999999999,-0.0104999999999999,sl_intrabar,-0.009309993614858,-0.009999999999999985,4.2518,0.0001,2025
1,-0.0105,-0.0105,sl_intrabar,-0.0097281554638025,-0.009999999999999929,4.2518,0.0001,2025
1,-0.0104,-0.0104,sl_intrabar,-0.0101374241588528,-0.0101374241588528,4.2518,0.0,2025
1,0.0187757223109482,-0.3929958707006616,sl_intrabar,-0.0028174364493969,-0.0028174364493969,7.0864,0.0,2025
1,-0.0104,-0.0104,sl_intrabar,-0.0107060513831976,-0.0107060513831976,7.0864,0.0,2025
1,-0.0104,-0.0104,sl_intrabar,-0.0101440583423446,-0.0101440583423446,7.0864,0.0,2025
1,0.0470821207526823,-0.8942486305863907,sl_intrabar,-9.95237354445412e-05,-9.95237354445412e-05,7.0864,0.0,2025
1,0.0092385257321841,0.0092385257321841,sl_intrabar,-0.0053085109957898,-0.0053085109957898,7.0864,0.0006,2025
1,-0.0105999999999999,-0.0105999999999999,sl_intrabar,-0.0096576963989818,-0.009999999999999945,4.2518,0.0002,2025
1,-0.0106,-0.0106,sl_intrabar,-0.0099594037878354,-0.010000000000000004,7.0864,0.0002,2025
-1,-0.0104,-0.0104,sl_intrabar,-0.0100605261580872,-0.0100605261580872,4.2518,0.0,2025
-1,0.0282172309526121,-0.6223946579914974,sl_intrabar,-0.0082792982309119,-0.0082792982309119,4.2518,0.0005,2025
-1,0.0328916968294748,-0.680705933674942,sl_intrabar,-0.002707210456269,-0.002707210456269,7.0864,0.0,2025
1,-0.011,-0.011,sl_intrabar,-0.0102687575862707,-0.0102687575862707,7.0864,0.0006,2025
1,-0.0105,-0.0105,sl_intrabar,-0.0105148220373462,-0.0105148220373462,7.0864,0.0001,2025
1,0.0376498572306081,-0.758823562060504,sl_intrabar,-0.0057798222107581,-0.0057798222107581,7.0864,0.0006,2025
1,-0.0108,-0.0108,sl_intrabar,-0.0097109867132748,-0.010000000000000047,4.2518,0.0004,2025
1,-0.0106,-0.0106,sl_intrabar,-0.0098507036741862,-0.010000000000000066,7.0864,0.0002,2025
1,-0.0104999999999999,-0.0104999999999999,sl_intrabar,-0.0097180937687495,-0.009999999999999981,4.2518,0.0001,2025
1,-0.0104999999999999,-0.0104999999999999,sl_intrabar,-0.0101824018970484,-0.0101824018970484,4.2518,0.0001,2025
1,-0.0105,-0.0105,sl_intrabar,-0.0101302316583644,-0.0101302316583644,7.0864,0.0001,2025
-1,-0.0108999999999999,-0.0108999999999999,sl_intrabar,-0.0091645376523026,-0.009999999999999952,4.2518,0.0005,2025
-1,0.0413108801373128,-0.9693045484886047,sl_intrabar,-0.0047702590604411,-0.0047702590604411,7.0864,0.0,2025
-1,-0.0105,-0.0105,sl_intrabar,-0.0104028549039381,-0.0104028549039381,7.0864,0.0001,2025
-1,0.0585679209234097,-1.1866353655938897,sl_intrabar,-0.0076685274807517,-0.0076685274807517,7.0864,0.0001,2025
-1,-0.0111,-0.0111,sl_intrabar,-0.0103718019510399,-0.0103718019510399,7.0864,0.0007,2025
1,0.0054476538191424,0.0054476538191424,sl_intrabar,-0.0076745278412077,-0.0076745278412077,4.2518,0.0002,2025
1,-0.0104,-0.0104,sl_intrabar,-0.0101332868864421,-0.0101332868864421,4.2518,0.0,2025
1,0.0118726679402201,0.0118726679402201,sl_intrabar,-0.0080751198036136,-0.0080751198036136,4.2518,0.0007,2025
1,0.0138220603540868,0.0138220603540868,sl_intrabar,-0.0032259526829436,-0.0032259526829436,4.2518,0.0003,2025
1,0.0041999328899892,0.0041999328899892,sl_intrabar,-0.0096818810511756,-0.0096818810511756,4.2518,0.0002,2025
1,0.1088364863623841,0.1088364863623841,sl_intrabar,-0.0056589374385272,-0.0056589374385272,4.2518,0.0021,2025
1,-0.0105,-0.0105,sl_intrabar,-0.0101305744924833,-0.0101305744924833,4.2518,0.0001,2025
1,0.0106312651893846,0.0106312651893846,sl_intrabar,-0.0049762711864406,-0.0049762711864406,4.2518,0.0002,2025
1,0.0153934057540524,-0.2711723245353489,sl_intrabar,-0.0092946831053421,-0.0092946831053421,4.2518,0.0001,2025
1,-0.0106999999999999,-0.0106999999999999,sl_intrabar,-0.0099026504937409,-0.009999999999999964,4.2518,0.0003,2025
1,-0.0103999999999999,-0.0103999999999999,sl_intrabar,-0.0099285438522869,-0.010000000000000085,4.2518,0.0,2025
1,0.0137230755147801,0.0137230755147801,sl_intrabar,-0.0085093710903872,-0.0085093710903872,7.0864,0.0002,2025
1,-0.0104,-0.0104,sl_intrabar,-0.0098352314211948,-0.010000000000000031,4.2518,0.0,2025
1,0.0097823897774393,-0.26142806973005067,sl_intrabar,-0.0076913441910378,-0.0076913441910378,7.0864,0.0001,2025
1,-0.0104,-0.0104,sl_intrabar,-0.0103767094808622,-0.0103767094808622,7.0864,0.0,2025
1,0.0242063617565405,-0.41121543752918954,sl_intrabar,-0.0015150923164415,-0.0015150923164415,7.0864,0.0,2025
1,0.0130204878248197,0.0130204878248197,sl_intrabar,-0.0010824842801309,-0.0010824842801309,7.0864,0.0008,2025
1,0.0099785565328927,0.0099785565328927,sl_intrabar,-0.0027040256160113,-0.0027040256160113,7.0864,0.0,2025
1,-0.0104,-0.0104,sl_intrabar,-0.0100508827598526,-0.0100508827598526,7.0864,0.0,2025
1,-0.0104999999999999,-0.0104999999999999,sl_intrabar,-0.0100434512882192,-0.0100434512882192,7.0864,0.0001,2025
1,-0.0105,-0.0105,sl_intrabar,-0.0104120680628272,-0.0104120680628272,7.0864,0.0001,2025
-1,0.0089508123034413,0.0089508123034413,sl_intrabar,-0.0089925468760421,-0.0089925468760421,4.2518,0.0007,2025
-1,-0.0107999999999999,-0.0107999999999999,sl_intrabar,-0.0100442167936257,-0.0100442167936257,4.2518,0.0004,2025
-1,-0.0104,-0.0104,sl_intrabar,-0.0102898954020846,-0.0102898954020846,4.2518,0.0,2025
-1,0.0202663903399522,-0.4376138993653468,sl_intrabar,-0.0086227822260725,-0.0086227822260725,4.2518,0.0001,2025
-1,0.0221161341291082,-0.4103209110042727,sl_intrabar,-0.0091770838236993,-0.0091770838236993,4.2518,0.0002,2025
-1,-0.0091296249282221,-0.0091296249282221,trend_flip,-0.0094512375713983,-0.0094512375713983,7.0864,0.0002,2025
1,-0.0103999999999999,-0.0103999999999999,sl_intrabar,-0.0094175851150003,-0.009999999999999964,4.2518,0.0,2025
1,-0.0110999999999999,-0.0110999999999999,sl_intrabar,-0.0096322879774953,-0.010000000000000071,4.2518,0.0007,2025
1,-0.0104999999999999,-0.0104999999999999,sl_intrabar,-0.0096727316885587,-0.00999999999999999,4.2518,0.0001,2025
1,0.0382970346816534,-0.8249493204000684,sl_intrabar,-0.0061599217647453,-0.0061599217647453,7.0864,0.0,2025
1,-0.0106999999999999,-0.0106999999999999,sl_intrabar,-0.0098585780426935,-0.009999999999999985,7.0864,0.0003,2025
-1,0.0138206233018406,0.0138206233018406,sl_intrabar,-0.0096637051524071,-0.0096637051524071,4.2518,0.0007,2025
-1,-0.0105,-0.0105,sl_intrabar,-0.010317988640919,-0.010317988640919,4.2518,0.0001,2025
-1,0.0283612818320307,-0.4577569454273768,sl_intrabar,-0.0020222368972154,-0.0020222368972154,7.0864,0.0,2025
-1,0.0448147051950003,0.0448147051950003,sl_intrabar,-0.0043617300313189,-0.0043617300313189,7.0864,0.0012,2025
-1,0.024802077934734,-0.23549320053332523,sl_intrabar,-0.0046081479992241,-0.0046081479992241,4.2518,0.0001,2025
-1,-0.0107999999999999,-0.0107999999999999,sl_intrabar,-0.0097865487604433,-0.01000000000000011,4.2518,0.0004,2025
-1,-0.0106,-0.0106,sl_intrabar,-0.0102673034415537,-0.0102673034415537,4.2518,0.0002,2025
-1,-0.0103999999999999,-0.0103999999999999,sl_intrabar,-0.0105412965819524,-0.0105412965819524,4.2518,0.0,2025
-1,-0.0104,-0.0104,sl_intrabar,-0.010310786720015,-0.010310786720015,4.2518,0.0,2025
-1,-0.0104999999999999,-0.0104999999999999,sl_intrabar,-0.0102868812673254,-0.0102868812673254,4.2518,0.0001,2025
-1,0.0275282200817248,-0.34581686990671434,sl_intrabar,-0.000885759364539,-0.000885759364539,4.2518,0.0,2025
-1,-0.0104,-0.0104,sl_intrabar,-0.0097923799267245,-0.00999999999999988,4.2518,0.0,2025
-1,0.0181282851788362,0.0181282851788362,sl_intrabar,-0.0068184624349444,-0.0068184624349444,4.2518,0.0001,2025
-1,0.0029249210644608,0.0029249210644608,sl_intrabar,-0.0070282873672267,-0.0070282873672267,4.2518,0.0005,2025
1,0.0151196400792618,0.0151196400792618,sl_intrabar,-0.0067478334634701,-0.0067478334634701,4.2518,0.0014,2025
1,0.0133207789730182,0.0133207789730182,sl_intrabar,-0.0064149526746598,-0.0064149526746598,4.2518,0.0011,2025
1,-0.0106999999999999,-0.0106999999999999,sl_intrabar,-0.0099529105923924,-0.010000000000000078,4.2518,0.0003,2025
-1,-0.0111,-0.0111,sl_intrabar,-0.0103588649385785,-0.0103588649385785,4.2518,0.0007,2025
-1,-0.0104,-0.0104,sl_intrabar,-0.0098696709963305,-0.009999999999999929,4.2518,0.0,2025
-1,0.032375822202061,-0.4401634390136459,sl_intrabar,-0.005116639058062,-0.005116639058062,4.2518,0.0001,2025
-1,-0.0104,-0.0104,sl_intrabar,-0.0103627997522343,-0.0103627997522343,4.2518,0.0,2025
1,0.0572519951797057,0.0572519951797057,sl_intrabar,-0.0001174298186645,-0.0001174298186645,4.2518,0.0019,2025
1,-0.0103999999999999,-0.0103999999999999,sl_intrabar,-0.0103429187477337,-0.0103429187477337,4.2518,0.0,2025
1,-0.0104,-0.0104,sl_intrabar,-0.0100403495658142,-0.0100403495658142,4.2518,0.0,2025
1,-0.0104999999999999,-0.0104999999999999,sl_intrabar,-0.0094581873905428,-0.009999999999999974,4.2518,0.0001,2025
-1,-0.0104,-0.0104,sl_intrabar,-0.0096793151807212,-0.009999999999999913,7.0864,0.0,2025
-1,0.078348490439917,-1.710124228857107,sl_intrabar,-0.0096090195176676,-0.0096090195176676,7.0864,0.0001,2025
-1,0.0479075607584559,0.0479075607584559,sl_intrabar,-0.0016724220424871,-0.0016724220424871,7.0864,0.002,2025
-1,-0.0103999999999999,-0.0103999999999999,sl_intrabar,-0.0105124992619272,-0.0105124992619272,4.2518,0.0,2025
-1,-0.0105,-0.0105,sl_intrabar,-0.0092921028315146,-0.009999999999999927,4.2518,0.0001,2025
-1,-0.0104,-0.0104,sl_intrabar,-0.00977308866981,-0.01000000000000003,4.2518,0.0,2025
-1,0.0239751023587991,-0.5082162762479612,sl_intrabar,-0.0009377593886821,-0.0009377593886821,7.0864,0.0,2025
-1,0.0171601628218576,-0.5474475357649972,sl_intrabar,-0.0044352607317226,-0.008103823477544727,7.0864,0.0,2025
-1,-0.0105999999999999,-0.0105999999999999,sl_intrabar,-0.0102673059023496,-0.0102673059023496,7.0864,0.0002,2025
-1,-0.0104,-0.0104,sl_intrabar,-0.0115575635379172,-0.0115575635379172,7.0864,0.0,2025
1,-0.0105,-0.0105,sl_intrabar,-0.0100120300177587,-0.0100120300177587,4.2518,0.0001,2025
1,0.0078871572808582,0.0078871572808582,sl_intrabar,-0.0039760355241399,-0.0039760355241399,4.2518,0.0,2025
1,-0.0104,-0.0104,sl_intrabar,-0.0097539911018058,-0.009999999999999926,4.2518,0.0,2025
1,-0.0103999999999999,-0.0103999999999999,sl_intrabar,-0.0095090087262225,-0.009999999999999988,4.2518,0.0,2025
1,-0.0104,-0.0104,sl_intrabar,-0.0104655953101417,-0.0104655953101417,7.0864,0.0,2025
-1,-0.0107,-0.0107,sl_intrabar,-0.0098055379719533,-0.01000000000000007,4.2518,0.0003,2025
-1,0.0870967772268222,0.0870967772268222,sl_intrabar,-0.002367597861466,-0.002367597861466,7.0864,0.0015,2025
-1,-0.0106,-0.0106,sl_intrabar,-0.0100009908352644,-0.0100009908352644,7.0864,0.0002,2025
-1,-0.0104,-0.0104,sl_intrabar,-0.0108005625900561,-0.0108005625900561,7.0864,0.0,2025
-1,0.0309210676240781,-0.3785918955510025,sl_intrabar,-0.0096148245846414,-0.0096148245846414,7.0864,0.0002,2025
-1,-0.0104,-0.0104,sl_intrabar,-0.010036339873603,-0.010036339873603,7.0864,0.0,2025
-1,0.1240880916049499,0.1240880916049499,sl_intrabar,-0.000305484851058,-0.000305484851058,4.2518,0.0023,2025
-1,0.0288863184926313,0.0288863184926313,sl_intrabar,-0.0018254209265445,-0.0018254209265445,7.0864,0.0,2025
-1,-0.0106,-0.0106,sl_intrabar,-0.0102330035438193,-0.0102330035438193,7.0864,0.0002,2025
-1,0.0432884318174346,-1.0071089024804647,sl_intrabar,-0.0087873404359213,-0.0087873404359213,7.0864,0.0001,2025
-1,-0.0103999999999999,-0.0103999999999999,sl_intrabar,-0.0115065006873309,-0.0115065006873309,7.0864,0.0,2025
-1,0.003202685193827,0.003202685193827,sl_intrabar,-0.0095193125977982,-0.0095193125977982,7.0864,0.0011,2025
-1,-0.0103999999999999,-0.0103999999999999,sl_intrabar,-0.0098534053011121,-0.009999999999999934,7.0864,0.0,2025
-1,-0.0104,-0.0104,sl_intrabar,-0.0080210896917427,-0.01,7.0864,0.0,2025
-1,0.0683125071529762,-1.3466329802031345,sl_intrabar,-0.0001950247263492,-0.0001950247263492,7.0864,0.0,2025
-1,0.0357875044138896,0.0357875044138896,sl_intrabar,-0.0039240200512874,-0.0039240200512874,7.0864,0.0009,2025
1,-0.0104,-0.0104,sl_intrabar,-0.0107976036662331,-0.0107976036662331,4.2518,0.0,2025
1,-0.0104,-0.0104,sl_intrabar,-0.0091592061813394,-0.010000000000000002,4.2518,0.0,2025
1,-0.0103999999999999,-0.0103999999999999,sl_intrabar,-0.0106109443816501,-0.0106109443816501,4.2518,0.0,2025
1,-0.0103999999999999,-0.0103999999999999,sl_intrabar,-0.0097958009108781,-0.009999999999999934,7.0864,0.0,2025
1,-0.0105,-0.0105,sl_intrabar,-0.0085116261373395,-0.010000000000000056,4.2518,0.0001,2025
1,-0.0108,-0.0108,sl_intrabar,-0.0097038801340461,-0.010000000000000077,7.0864,0.0004,2025
1,0.0486359605441745,-0.6136424635832504,sl_intrabar,-0.0019298036747906,-0.0019298036747906,7.0864,0.0,2025
-1,-0.0104,-0.0104,sl_intrabar,-0.0109864654215391,-0.0109864654215391,4.2518,0.0,2025
-1,-0.0104,-0.0104,sl_intrabar,-0.009893072080656,-0.010000000000000075,4.2518,0.0,2025
-1,-0.0103999999999999,-0.0103999999999999,sl_intrabar,-0.0096309392898053,-0.009999999999999964,4.2518,0.0,2025
-1,-0.0104,-0.0104,sl_intrabar,-0.0108070651791286,-0.0108070651791286,4.2518,0.0,2025
-1,-0.0103999999999999,-0.0103999999999999,sl_intrabar,-0.0092343989189962,-0.00999999999999993,4.2518,0.0,2025
-1,0.0269504815864022,-0.5926592634560897,sl_intrabar,-0.0092401288835345,-0.0092401288835345,4.2518,0.0004,2025
-1,-0.0103999999999999,-0.0103999999999999,sl_intrabar,-0.0093151395067447,-0.009999999999999946,7.0864,0.0,2025
-1,0.0131860082961613,0.0131860082961613,sl_intrabar,-0.0065951559287338,-0.0065951559287338,7.0864,0.0009,2025
-1,0.0052288191365866,-0.18326921108196173,sl_intrabar,-0.0048197863711657,-0.0048197863711657,7.0864,0.0001,2025
-1,-0.0104,-0.0104,sl_intrabar,-0.0104321204693974,-0.0104321204693974,7.0864,0.0,2025
-1,-0.0107,-0.0107,sl_intrabar,-0.0102070041815327,-0.0102070041815327,7.0864,0.0003,2025
-1,-0.0104999999999999,-0.0104999999999999,sl_intrabar,-0.0097601492445294,-0.00999999999999998,7.0864,0.0001,2025
-1,-0.0104999999999999,-0.0104999999999999,sl_intrabar,-0.0097709207853756,-0.009999999999999957,7.0864,0.0001,2026
-1,0.0199974492789631,-0.3854076923162252,sl_intrabar,-0.0003594967046134,-0.0003594967046134,7.0864,0.0,2026
-1,-0.0104,-0.0104,sl_intrabar,-0.0099540378640982,-0.009999999999999894,7.0864,0.0,2026
1,0.0237547934281186,0.0237547934281186,sl_intrabar,-0.0068945224479436,-0.0068945224479436,4.2518,0.0008,2026
1,-0.0104999999999999,-0.0104999999999999,sl_intrabar,-0.0086520716801097,-0.01,4.2518,0.0001,2026
1,0.0219399944877747,-0.48652236920269243,sl_intrabar,-0.0050691846988002,-0.0050691846988002,4.2518,0.0,2026
1,-0.0104,-0.0104,sl_intrabar,-0.0105753876217641,-0.0105753876217641,4.2518,0.0,2026
1,0.0030395965261942,0.0030395965261942,sl_intrabar,-0.004286495111165,-0.004286495111165,4.2518,0.0006,2026
1,0.0030435434926431,0.0030435434926431,sl_intrabar,-0.0059748709747287,-0.0059748709747287,4.2518,0.0,2026
1,0.0405980897214954,0.0405980897214954,sl_intrabar,-0.0004046088923804,-0.0004046088923804,4.2518,0.0007,2026
1,-0.011,-0.011,sl_intrabar,-0.0098060550060813,-0.010000000000000045,4.2518,0.0006,2026
1,0.0379570628941419,-0.6972091520896281,sl_intrabar,-0.0005995754357725,-0.0005995754357725,4.2518,0.0,2026
1,-0.0104,-0.0104,sl_intrabar,-0.0094178532791438,-0.010000000000000012,7.0864,0.0,2026
-1,-0.0103999999999999,-0.0103999999999999,sl_intrabar,-0.009584552205851,-0.009999999999999945,4.2518,0.0,2026
-1,0.0301821025243887,0.0301821025243887,sl_intrabar,-2.8971134721412687e-05,-2.8971134721412687e-05,4.2518,0.001,2026
-1,-0.0103999999999999,-0.0103999999999999,sl_intrabar,-0.0098141449140067,-0.009999999999999992,4.2518,0.0,2026
-1,0.0217138578907969,-0.19474302383480754,sl_intrabar,-0.0005806297875388,-0.0005806297875388,4.2518,0.0,2026
-1,-0.0103999999999999,-0.0103999999999999,sl_intrabar,-0.0102397235231852,-0.0102397235231852,4.2518,0.0,2026
-1,-0.0103999999999999,-0.0103999999999999,sl_intrabar,-0.0090205971791476,-0.009999999999999964,4.2518,0.0,2026
-1,0.0962079313609158,0.0962079313609158,sl_intrabar,-0.0008528338910012,-0.0008528338910012,4.2518,0.0009,2026
-1,-0.0104000000000001,-0.0104000000000001,sl_intrabar,-0.0069502005080603,-0.010000000000000104,4.2518,0.0,2026
-1,0.1700489603014686,0.1700489603014686,sl_intrabar,-0.0012226297654773,-0.0012226297654773,4.2518,0.0009,2026
-1,-0.0104,-0.0104,sl_intrabar,-0.009381289799966,-0.010000000000000052,7.0864,0.0,2026
-1,-0.0104,-0.0104,sl_intrabar,-0.0081838319234778,-0.010000000000000035,7.0864,0.0,2026
-1,0.0580052459276376,0.0580052459276376,sl_intrabar,-0.0069937796867318,-0.0069937796867318,7.0864,0.0014,2026
-1,-0.0105,-0.0105,sl_intrabar,-0.0102950653457179,-0.0102950653457179,7.0864,0.0001,2026
-1,-0.0105999999999999,-0.0105999999999999,sl_intrabar,-0.0096223664341178,-0.00999999999999997,7.0864,0.0002,2026
-1,-0.0104000000000001,-0.0104000000000001,sl_intrabar,-0.0102344619158162,-0.0102344619158162,4.2518,0.0,2026
-1,0.019537128163239,0.019537128163239,sl_intrabar,-0.0084209440592928,-0.0084209440592928,4.2518,0.001,2026
-1,0.0237433176533056,-0.42225622177338346,sl_intrabar,-0.007966940644898,-0.007966940644898,7.0864,0.0001,2026
-1,-0.0112,-0.0112,sl_intrabar,-0.0099865537517105,-0.010000000000000047,4.2518,0.0008,2026
-1,0.056930986194992,0.056930986194992,sl_intrabar,-0.0033273981586839,-0.0033273981586839,4.2518,0.0009,2026
-1,-0.0104000000000001,-0.0104000000000001,sl_intrabar,-0.0102610122424514,-0.0102610122424514,4.2518,0.0,2026
-1,-0.0107,-0.0107,sl_intrabar,-0.0092616883506118,-0.010000000000000031,7.0864,0.0003,2026
1,-0.0107000000000001,-0.0107000000000001,sl_intrabar,-0.0143718184094134,-0.0143718184094134,4.2518,0.0003,2026
1,-0.0103999999999999,-0.0103999999999999,sl_intrabar,-0.009332293554778,-0.009999999999999976,4.2518,0.0,2026
1,-0.0103999999999999,-0.0103999999999999,sl_intrabar,-0.0109043206723964,-0.0109043206723964,4.2518,0.0,2026
1,-0.0104999999999999,-0.0104999999999999,sl_intrabar,-0.0095629788655401,-0.00999999999999997,4.2518,0.0001,2026
1,0.0726020946321686,-1.5635983275232137,sl_intrabar,-0.0054595943660456,-0.0054595943660456,7.0864,0.0001,2026
1,0.053544517758494,0.053544517758494,sl_intrabar,-0.0059479012044538,-0.0059479012044538,7.0864,0.0007,2026
1,-0.0103999999999999,-0.0103999999999999,sl_intrabar,-0.0096961071185456,-0.009999999999999926,4.2518,0.0,2026
1,-0.0104999999999999,-0.0104999999999999,sl_intrabar,-0.0090703536898412,-0.009999999999999988,4.2518,0.0001,2026
1,-0.0104,-0.0104,sl_intrabar,-0.0094068780995288,-0.01000000000000001,4.2518,0.0,2026
1,0.0502631609261278,0.0502631609261278,sl_intrabar,-0.0030676582787154,-0.0030676582787154,7.0864,0.0013,2026
1,0.0574431667562242,-1.0483431130216716,sl_intrabar,-0.0008292348983291,-0.0008292348983291,7.0864,0.0,2026
1,-0.0106999999999999,-0.0106999999999999,sl_intrabar,-0.0108074520830203,-0.0108074520830203,7.0864,0.0003,2026
1,-0.0104,-0.0104,sl_intrabar,-0.0093922130294931,-0.010000000000000097,7.0864,0.0,2026
-1,-0.0103999999999999,-0.0103999999999999,sl_intrabar,-0.0085547596124119,-0.009999999999999953,4.2518,0.0,2026
-1,0.0387310706787963,0.0387310706787963,sl_intrabar,-0.0040433170584344,-0.0040433170584344,7.0864,0.0001,2026
-1,-0.0104,-0.0104,sl_intrabar,-0.0090537159718724,-0.010000000000000042,7.0864,0.0,2026
-1,-0.0104,-0.0104,sl_intrabar,-0.0097094771039081,-0.01,7.0864,0.0,2026
-1,0.0702104225352113,0.0702104225352113,sl_intrabar,-0.0083704634172444,-0.0083704634172444,7.0864,0.0014,2026
-1,-0.0103999999999999,-0.0103999999999999,sl_intrabar,-0.0101431544028948,-0.0101431544028948,4.2518,0.0,2026
-1,-0.0104,-0.0104,sl_intrabar,-0.0100103533160631,-0.0100103533160631,4.2518,0.0,2026
-1,0.0324318326815841,0.0324318326815841,sl_intrabar,-0.008434418494756,-0.008434418494756,4.2518,0.001,2026
-1,-0.0104,-0.0104,sl_intrabar,-0.0095671918056886,-0.010000000000000007,7.0864,0.0,2026
-1,-0.0103999999999999,-0.0103999999999999,sl_intrabar,-0.0099545980528349,-0.009999999999999993,7.0864,0.0,2026
-1,0.0293623653972374,-0.29745615124234115,sl_intrabar,-7.02212974030836e-05,-7.02212974030836e-05,7.0864,0.0,2026
-1,-0.0103999999999999,-0.0103999999999999,sl_intrabar,-0.0093106644799169,-0.009999999999999957,7.0864,0.0,2026
1,-0.0103999999999999,-0.0103999999999999,sl_intrabar,-0.0104546171465099,-0.0104546171465099,4.2518,0.0,2026
1,-0.0104,-0.0104,sl_intrabar,-0.0098684615384615,-0.010000000000000016,4.2518,0.0,2026
1,0.0256483010101266,0.0256483010101266,sl_intrabar,-0.0093804252328237,-0.0093804252328237,4.2518,0.0008,2026
1,0.0288420850474676,-0.5301688764564518,sl_intrabar,-0.0004857785841041,-0.0004857785841041,4.2518,0.0,2026
1,0.0216286624012127,0.0216286624012127,sl_intrabar,-0.0007594188461759,-0.0007594188461759,4.2518,0.0009,2026
1,-0.0103999999999999,-0.0103999999999999,sl_intrabar,-0.0092072250688775,-0.009999999999999919,4.2518,0.0,2026
1,-0.0104,-0.0104,sl_intrabar,-0.0094902323430818,-0.010000000000000099,4.2518,0.0,2026
1,0.0234521219985129,-0.558866257963876,sl_intrabar,-0.008371766327396,-0.008371766327396,4.2518,0.0001,2026
1,0.0284905447545252,-0.4883767655593021,sl_intrabar,-0.0034335693216128,-0.0034335693216128,4.2518,0.0,2026
1,-0.0105,-0.0105,sl_intrabar,-0.0104563959632251,-0.0104563959632251,4.2518,0.0001,2026
1,-0.0106999999999999,-0.0106999999999999,sl_intrabar,-0.010530391583869,-0.010530391583869,4.2518,0.0003,2026
1,0.0131141958761692,-0.057968364469669395,sl_intrabar,-0.0017032353747697,-0.0017032353747697,4.2518,0.0,2026
1,-0.0104,-0.0104,sl_intrabar,-0.0093116630384167,-0.01000000000000005,4.2518,0.0,2026
1,0.0157276790946334,-0.35055185593437166,sl_intrabar,-0.0051099411582533,-0.0051099411582533,4.2518,0.0002,2026
1,-0.0105999999999999,-0.0105999999999999,sl_intrabar,-0.0098360108427252,-0.009999999999999926,4.2518,0.0002,2026
1,-0.0105,-0.0105,sl_intrabar,-0.0099419665711818,-0.010000000000000071,4.2518,0.0001,2026
1,-0.0105,-0.0105,sl_intrabar,-0.0097979996154617,-0.010000000000000035,7.0864,0.0001,2026
