et,xt,side,entry,exit,ret,reason,year
2023-05-02 00:00:00+00:00,2023-05-05 12:30:00+00:00,1,28054.5,28664.469999999998,0.020942322978488213,trail/sl,2023
2023-05-05 16:00:00+00:00,2023-05-10 12:45:00+00:00,-1,29347.5,28067.5,0.04281529942925291,trail/sl,2023
2023-05-10 16:00:00+00:00,2023-05-10 17:57:00+00:00,-1,28141.2,27466.597999999998,0.023172040993276855,trail/sl,2023
2023-05-11 00:00:00+00:00,2023-05-11 14:04:00+00:00,1,27583.0,27031.34,-0.020799999999999992,trail/sl,2023
2023-05-12 08:00:00+00:00,2023-05-12 19:26:00+00:00,1,26294.0,25801.418,-0.019533627443523178,trail/sl,2023
2023-05-13 00:00:00+00:00,2023-05-17 07:45:00+00:00,1,26785.2,26820.5,0.0005178919701924672,trail/sl,2023
2023-05-19 00:00:00+00:00,2023-05-24 03:36:00+00:00,1,26809.4,26701.675,-0.004818180190530269,trail/sl,2023
2023-05-25 00:00:00+00:00,2023-05-29 15:36:00+00:00,1,26313.9,27588.739999999998,0.04764739852321383,trail/sl,2023
2023-05-31 00:00:00+00:00,2023-05-31 05:01:00+00:00,1,27680.0,27126.399999999998,-0.02080000000000008,trail/sl,2023
2023-05-31 16:00:00+00:00,2023-06-02 00:38:00+00:00,1,26900.0,26527.463,-0.014648959107806702,trail/sl,2023
2023-06-02 16:00:00+00:00,2023-06-06 14:03:00+00:00,-1,27081.3,26081.248,0.03612776934637553,trail/sl,2023
2023-06-07 08:00:00+00:00,2023-06-10 17:43:00+00:00,-1,26786.8,26115.65,0.02425525109382225,trail/sl,2023
2023-06-11 00:00:00+00:00,2023-06-14 20:05:00+00:00,1,25826.6,25637.585,-0.008118617239590167,trail/sl,2023
2023-06-15 00:00:00+00:00,2023-06-21 17:11:00+00:00,1,25115.9,29897.34,0.1895750214007859,trail/sl,2023
2023-06-22 00:00:00+00:00,2023-06-23 15:05:00+00:00,-1,29988.5,30385.103,-0.014025169648365178,trail/sl,2023
2023-06-23 16:00:00+00:00,2023-06-27 11:50:00+00:00,-1,31232.9,30786.803,0.013482919613612619,trail/sl,2023
2023-06-28 00:00:00+00:00,2023-06-29 10:35:00+00:00,-1,30683.2,30698.737999999998,-0.0013064008969076507,trail/sl,2023
2023-06-29 16:00:00+00:00,2023-06-30 04:40:00+00:00,-1,30468.2,31077.564000000002,-0.020800000000000044,trail/sl,2023
2023-06-30 08:00:00+00:00,2023-06-30 16:42:00+00:00,-1,30759.2,30385.0,0.011365465941897081,trail/sl,2023
2023-07-01 00:00:00+00:00,2023-07-05 10:38:00+00:00,1,30460.2,30453.344,-0.001025080596975718,trail/sl,2023
2023-07-05 16:00:00+00:00,2023-07-06 12:09:00+00:00,1,30345.1,30620.96,0.008290759298865405,trail/sl,2023
2023-07-06 16:00:00+00:00,2023-07-07 00:02:00+00:00,1,30390.3,29782.494,-0.020800000000000016,trail/sl,2023
2023-07-07 08:00:00+00:00,2023-07-10 21:57:00+00:00,1,29992.9,30108.8,0.0030642478719962994,trail/sl,2023
2023-07-11 00:00:00+00:00,2023-07-13 15:44:00+00:00,-1,30396.9,31004.838000000003,-0.02080000000000006,trail/sl,2023
2023-07-13 16:00:00+00:00,2023-07-13 19:25:00+00:00,-1,30915.5,31533.81,-0.02080000000000004,trail/sl,2023
2023-07-14 00:00:00+00:00,2023-07-20 08:47:00+00:00,-1,31441.6,30282.0,0.03608107475446538,trail/sl,2023
2023-07-20 16:00:00+00:00,2023-07-23 19:07:00+00:00,-1,29792.9,30352.864,-0.019595216309926188,trail/sl,2023
2023-07-25 00:00:00+00:00,2023-08-01 02:10:00+00:00,1,29163.8,28780.385,-0.013946949300159817,trail/sl,2023
2023-08-02 08:00:00+00:00,2023-08-08 12:45:00+00:00,-1,29570.2,29542.769,0.00012765689782282474,trail/sl,2023
2023-08-08 16:00:00+00:00,2023-08-08 21:20:00+00:00,-1,29517.5,30107.850000000002,-0.020800000000000072,trail/sl,2023
2023-08-09 00:00:00+00:00,2023-08-17 21:45:00+00:00,-1,29758.9,25318.43,0.1484148567319357,trail/sl,2023
2023-08-18 00:00:00+00:00,2023-08-18 14:54:00+00:00,1,26609.7,26077.506,-0.020799999999999978,trail/sl,2023
2023-08-18 16:00:00+00:00,2023-08-22 21:26:00+00:00,1,25993.1,25511.0,-0.019347229841765644,trail/sl,2023
2023-08-23 00:00:00+00:00,2023-08-24 15:54:00+00:00,1,26044.5,26001.82,-0.002438733705772823,trail/sl,2023
2023-08-25 16:00:00+00:00,2023-08-30 03:20:00+00:00,1,25917.3,27322.96,0.05343635949732418,trail/sl,2023
2023-08-30 08:00:00+00:00,2023-09-03 12:36:00+00:00,-1,27427.1,26071.36,0.0486306725829562,trail/sl,2023
2023-09-03 16:00:00+00:00,2023-09-07 21:00:00+00:00,-1,25858.2,26085.780000000002,-0.00960107664106557,trail/sl,2023
2023-09-08 08:00:00+00:00,2023-09-12 03:17:00+00:00,-1,26244.0,25634.64,0.022419021490626453,trail/sl,2023
2023-09-12 16:00:00+00:00,2023-09-14 00:59:00+00:00,-1,26192.3,26522.5,-0.013406758474818963,trail/sl,2023
2023-09-14 16:00:00+00:00,2023-09-18 10:19:00+00:00,-1,26680.0,26992.798,-0.0125240629685157,trail/sl,2023
2023-09-18 16:00:00+00:00,2023-09-19 09:41:00+00:00,-1,27258.8,27409.536,-0.006329810556590929,trail/sl,2023
2023-09-19 16:00:00+00:00,2023-09-27 11:48:00+00:00,-1,27413.3,26743.95,0.02361698007901269,trail/sl,2023
2023-09-28 16:00:00+00:00,2023-10-01 22:15:00+00:00,-1,27012.3,27423.75,-0.01603194988949481,trail/sl,2023
2023-10-02 08:00:00+00:00,2023-10-05 13:15:00+00:00,-1,28299.2,27936.690000000002,0.012009902753434668,trail/sl,2023
2023-10-06 00:00:00+00:00,2023-10-09 09:49:00+00:00,1,27398.3,27596.5,0.006434025468733488,trail/sl,2023
2023-10-10 00:00:00+00:00,2023-10-11 02:34:00+00:00,1,27578.4,27026.832000000002,-0.02079999999999997,trail/sl,2023
2023-10-11 16:00:00+00:00,2023-10-16 13:31:00+00:00,1,26769.2,29798.399999999998,0.1123599001837932,trail/sl,2023
2023-10-17 00:00:00+00:00,2023-10-18 04:56:00+00:00,-1,28486.3,28896.65,-0.015205170204624757,trail/sl,2023
2023-10-18 16:00:00+00:00,2023-10-20 17:09:00+00:00,1,28235.4,29335.71,0.03816916636562604,trail/sl,2023
2023-10-21 08:00:00+00:00,2023-10-21 18:01:00+00:00,-1,29681.1,30274.721999999998,-0.020799999999999978,trail/sl,2023
2023-10-22 00:00:00+00:00,2023-10-23 01:31:00+00:00,-1,29895.4,30493.308,-0.020799999999999978,trail/sl,2023
2023-10-23 08:00:00+00:00,2023-10-23 16:47:00+00:00,-1,30508.0,31118.16,-0.020799999999999996,trail/sl,2023
2023-10-24 08:00:00+00:00,2023-10-24 11:14:00+00:00,-1,34025.8,34706.316000000006,-0.020800000000000093,trail/sl,2023
2023-10-24 16:00:00+00:00,2023-10-24 16:33:00+00:00,-1,33673.9,34347.378000000004,-0.020800000000000082,trail/sl,2023
2023-10-25 00:00:00+00:00,2023-10-25 13:21:00+00:00,-1,33917.0,34595.340000000004,-0.02080000000000011,trail/sl,2023
2023-10-25 16:00:00+00:00,2023-10-28 11:20:00+00:00,-1,34841.5,34350.5,0.01329238982248181,trail/sl,2023
2023-10-29 08:00:00+00:00,2023-11-01 14:53:00+00:00,1,34086.1,34191.53,0.002293049659538648,trail/sl,2023
2023-11-01 16:00:00+00:00,2023-11-01 20:42:00+00:00,-1,34296.9,34982.838,-0.020800000000000055,trail/sl,2023
2023-11-02 00:00:00+00:00,2023-11-04 22:53:00+00:00,-1,35437.5,35146.69,0.007406278659611926,trail/sl,2023
2023-11-05 00:00:00+00:00,2023-11-05 23:04:00+00:00,-1,35069.7,35386.68,-0.009838571758526683,trail/sl,2023
2023-11-06 16:00:00+00:00,2023-11-07 19:12:00+00:00,-1,35094.5,35555.90900000001,-0.013947615723261678,trail/sl,2023
2023-11-09 00:00:00+00:00,2023-11-09 02:23:00+00:00,-1,35626.7,36339.234,-0.020799999999999992,trail/sl,2023
2023-11-09 08:00:00+00:00,2023-11-09 14:00:00+00:00,-1,36550.6,37281.612,-0.020800000000000065,trail/sl,2023
2023-11-09 16:00:00+00:00,2023-11-09 16:45:00+00:00,-1,37141.5,36363.12,0.020157150357416838,trail/sl,2023
2023-11-10 08:00:00+00:00,2023-11-13 21:14:00+00:00,1,36480.3,36442.9,-0.0018252108672352327,trail/sl,2023
2023-11-14 00:00:00+00:00,2023-11-14 15:33:00+00:00,1,36486.2,35756.475999999995,-0.020800000000000055,trail/sl,2023
2023-11-14 16:00:00+00:00,2023-11-14 18:51:00+00:00,1,36168.8,35445.424,-0.020800000000000103,trail/sl,2023
2023-11-15 00:00:00+00:00,2023-11-16 13:18:00+00:00,1,35559.1,36860.0,0.035784165516000166,trail/sl,2023
2023-11-17 00:00:00+00:00,2023-11-21 14:44:00+00:00,1,36176.0,36651.159,0.012334647279964608,trail/sl,2023
2023-11-21 16:00:00+00:00,2023-11-21 22:32:00+00:00,1,36975.8,36405.07,-0.01623523061029114,trail/sl,2023
2023-11-22 00:00:00+00:00,2023-11-26 12:25:00+00:00,1,35737.0,37272.25,0.04215967764501777,trail/sl,2023
2023-11-27 00:00:00+00:00,2023-12-07 09:15:00+00:00,1,37437.9,43192.257,0.1529040539132803,trail/sl,2023
2023-12-07 16:00:00+00:00,2023-12-11 01:08:00+00:00,1,43680.0,43435.921,-0.0063878891941391465,trail/sl,2023
2023-12-11 08:00:00+00:00,2023-12-11 18:00:00+00:00,1,42128.1,41285.538,-0.020799999999999954,trail/sl,2023
2023-12-12 00:00:00+00:00,2023-12-12 17:33:00+00:00,1,41271.1,40861.25,-0.010730677883555285,trail/sl,2023
2023-12-13 00:00:00+00:00,2023-12-13 15:03:00+00:00,-1,41514.9,41772.68,-0.007009336888683312,trail/sl,2023
2023-12-13 16:00:00+00:00,2023-12-13 19:37:00+00:00,-1,41960.0,42799.200000000004,-0.020800000000000103,trail/sl,2023
2023-12-14 00:00:00+00:00,2023-12-14 13:41:00+00:00,-1,42875.0,42374.200000000004,0.010880466472303105,trail/sl,2023
2023-12-15 08:00:00+00:00,2023-12-15 15:34:00+00:00,1,42724.8,41870.304000000004,-0.020799999999999978,trail/sl,2023
2023-12-16 00:00:00+00:00,2023-12-17 23:32:00+00:00,1,41968.0,41473.998999999996,-0.012570896873808707,trail/sl,2023
2023-12-18 00:00:00+00:00,2023-12-18 10:36:00+00:00,1,41396.6,40568.668,-0.020800000000000016,trail/sl,2023
2023-12-19 08:00:00+00:00,2023-12-20 13:01:00+00:00,-1,43062.1,43090.462,-0.0014586302107886283,trail/sl,2023
2023-12-20 16:00:00+00:00,2023-12-25 13:00:00+00:00,-1,44078.9,43826.5,0.0049260957056551195,trail/sl,2023
2023-12-26 16:00:00+00:00,2023-12-28 14:57:00+00:00,1,42423.1,42534.5,0.0018259278553429963,trail/sl,2023
2023-12-28 16:00:00+00:00,2023-12-29 16:22:00+00:00,1,42485.9,41876.743,-0.015137862679147652,trail/sl,2023
2023-12-30 16:00:00+00:00,2024-01-01 18:15:00+00:00,-1,42410.4,43258.608,-0.020799999999999968,trail/sl,2023
2024-01-02 00:00:00+00:00,2024-01-02 00:57:00+00:00,-1,44230.3,45114.906,-0.020799999999999992,trail/sl,2024
2024-01-02 08:00:00+00:00,2024-01-03 12:11:00+00:00,-1,45495.6,41542.99,0.08607895093151867,trail/sl,2024
2024-01-03 16:00:00+00:00,2024-01-03 18:56:00+00:00,1,43014.0,42288.023,-0.017677690984330658,trail/sl,2024
2024-01-04 00:00:00+00:00,2024-01-05 01:48:00+00:00,1,42849.5,43495.576,0.014277795540204691,trail/sl,2024
2024-01-05 08:00:00+00:00,2024-01-05 20:54:00+00:00,-1,43769.6,44290.0,-0.012689530633133533,trail/sl,2024
2024-01-06 00:00:00+00:00,2024-01-08 02:52:00+00:00,1,44145.3,43262.394,-0.020800000000000058,trail/sl,2024
2024-01-08 16:00:00+00:00,2024-01-08 18:01:00+00:00,-1,44969.7,45869.094,-0.020800000000000006,trail/sl,2024
2024-01-09 00:00:00+00:00,2024-01-09 13:01:00+00:00,-1,46972.6,46762.0,0.0036834648284318635,trail/sl,2024
2024-01-09 16:00:00+00:00,2024-01-09 21:12:00+00:00,-1,46868.9,47806.278000000006,-0.02080000000000009,trail/sl,2024
2024-01-10 00:00:00+00:00,2024-01-10 11:53:00+00:00,1,46113.9,45191.622,-0.020799999999999964,trail/sl,2024
2024-01-10 16:00:00+00:00,2024-01-10 20:12:00+00:00,1,45569.4,45364.96,-0.00528634390621782,trail/sl,2024
2024-01-11 16:00:00+00:00,2024-01-11 20:13:00+00:00,-1,46813.4,46968.0,-0.004102473223478716,trail/sl,2024
2024-01-13 00:00:00+00:00,2024-01-14 21:38:00+00:00,1,42789.0,41975.198,-0.019818953469349674,trail/sl,2024
2024-01-15 08:00:00+00:00,2024-01-16 14:44:00+00:00,1,42713.1,42074.72,-0.01574576605303753,trail/sl,2024
2024-01-16 16:00:00+00:00,2024-01-19 18:49:00+00:00,-1,43251.0,41509.0,0.03947652539825668,trail/sl,2024
2024-01-20 16:00:00+00:00,2024-01-23 23:26:00+00:00,-1,41570.2,39701.35,0.04415648325002041,trail/sl,2024
2024-01-24 16:00:00+00:00,2024-01-26 10:40:00+00:00,-1,40046.7,40678.099,-0.016566567532406037,trail/sl,2024
2024-01-26 16:00:00+00:00,2024-01-26 20:11:00+00:00,-1,41399.8,42227.796,-0.020799999999999978,trail/sl,2024
2024-01-27 00:00:00+00:00,2024-01-28 04:56:00+00:00,-1,41806.4,42600.903,-0.01980433904856665,trail/sl,2024
2024-01-29 00:00:00+00:00,2024-01-31 10:46:00+00:00,1,42021.2,42571.36,0.012292439054572538,trail/sl,2024
2024-02-01 00:00:00+00:00,2024-02-13 14:21:00+00:00,1,42560.5,48915.936,0.14852709907073464,trail/sl,2024
2024-02-13 16:00:00+00:00,2024-02-17 13:33:00+00:00,1,48753.2,51273.229999999996,0.05088953012315087,trail/sl,2024
2024-02-17 16:00:00+00:00,2024-02-20 15:29:00+00:00,1,51013.4,51498.173,0.008702856112315608,trail/sl,2024
2024-02-21 08:00:00+00:00,2024-02-21 12:07:00+00:00,1,51599.9,50567.902,-0.02079999999999999,trail/sl,2024
2024-02-22 00:00:00+00:00,2024-02-23 14:46:00+00:00,1,51877.9,50840.342,-0.020800000000000086,trail/sl,2024
2024-02-24 16:00:00+00:00,2024-02-27 03:52:00+00:00,1,51124.7,56046.6,0.09547244756448453,trail/sl,2024
2024-02-27 08:00:00+00:00,2024-02-27 12:33:00+00:00,-1,56100.1,57222.102,-0.020800000000000006,trail/sl,2024
2024-02-27 16:00:00+00:00,2024-02-28 07:42:00+00:00,-1,56775.1,57910.602,-0.020800000000000006,trail/sl,2024
2024-02-28 08:00:00+00:00,2024-02-28 08:56:00+00:00,-1,58299.9,59465.898,-0.020799999999999992,trail/sl,2024
2024-02-28 16:00:00+00:00,2024-02-28 16:55:00+00:00,-1,61000.0,62220.0,-0.0208,trail/sl,2024
2024-02-29 00:00:00+00:00,2024-02-29 06:04:00+00:00,-1,62487.9,62938.356,-0.008008691602694254,trail/sl,2024
2024-02-29 08:00:00+00:00,2024-02-29 20:25:00+00:00,-1,62761.6,62265.560000000005,0.007103558864018662,trail/sl,2024
2024-03-01 00:00:00+00:00,2024-03-04 00:49:00+00:00,1,61203.3,62496.421,0.0203282888340988,trail/sl,2024
2024-03-04 08:00:00+00:00,2024-03-04 08:42:00+00:00,-1,64120.6,65403.012,-0.02080000000000006,trail/sl,2024
2024-03-04 16:00:00+00:00,2024-03-04 20:39:00+00:00,-1,66505.4,67835.508,-0.020800000000000114,trail/sl,2024
2024-03-05 00:00:00+00:00,2024-03-05 05:22:00+00:00,-1,68296.5,66971.73300000001,0.018597289758625884,trail/sl,2024
2024-03-05 08:00:00+00:00,2024-03-05 13:03:00+00:00,-1,66223.8,67548.276,-0.020799999999999923,trail/sl,2024
2024-03-06 00:00:00+00:00,2024-03-06 12:45:00+00:00,1,63747.5,65697.615,0.029791238872112717,trail/sl,2024
2024-03-07 00:00:00+00:00,2024-03-07 14:33:00+00:00,-1,66128.0,67450.56,-0.020799999999999964,trail/sl,2024
2024-03-07 16:00:00+00:00,2024-03-08 14:51:00+00:00,-1,67317.2,68663.544,-0.02079999999999996,trail/sl,2024
2024-03-08 16:00:00+00:00,2024-03-08 17:02:00+00:00,-1,67685.8,68103.6,-0.006972638869600462,trail/sl,2024
2024-03-09 00:00:00+00:00,2024-03-10 04:10:00+00:00,-1,68180.2,69543.804,-0.020800000000000096,trail/sl,2024
2024-03-10 08:00:00+00:00,2024-03-11 06:53:00+00:00,-1,69429.9,69010.0,0.00524782665681492,trail/sl,2024
2024-03-11 08:00:00+00:00,2024-03-11 15:35:00+00:00,-1,71223.9,72648.378,-0.02080000000000004,trail/sl,2024
2024-03-11 16:00:00+00:00,2024-03-12 17:49:00+00:00,-1,72061.3,70658.0,0.01867369808760046,trail/sl,2024
2024-03-13 00:00:00+00:00,2024-03-14 13:52:00+00:00,1,71503.3,71664.958,0.0014608467021801205,trail/sl,2024
2024-03-15 08:00:00+00:00,2024-03-15 08:52:00+00:00,1,68487.4,67117.65199999999,-0.0208000000000001,trail/sl,2024
2024-03-15 16:00:00+00:00,2024-03-15 19:50:00+00:00,1,68199.2,68594.423,0.00499512662905134,trail/sl,2024
2024-03-16 00:00:00+00:00,2024-03-16 11:22:00+00:00,1,69552.1,68161.058,-0.020800000000000016,trail/sl,2024
2024-03-17 00:00:00+00:00,2024-03-17 07:22:00+00:00,1,65351.0,64631.778999999995,-0.011805508714480346,trail/sl,2024
2024-03-17 08:00:00+00:00,2024-03-18 01:03:00+00:00,1,65681.1,66903.22799999999,0.017806996533249023,trail/sl,2024
2024-03-18 08:00:00+00:00,2024-03-19 16:02:00+00:00,-1,68262.9,64284.463,0.05748110144749184,trail/sl,2024
2024-03-20 00:00:00+00:00,2024-03-20 04:31:00+00:00,1,61974.1,61637.776999999995,-0.0062268315312365005,trail/sl,2024
2024-03-20 08:00:00+00:00,2024-03-20 16:28:00+00:00,1,62995.1,62516.5,-0.008397416306982583,trail/sl,2024
2024-03-21 00:00:00+00:00,2024-03-22 06:05:00+00:00,-1,67876.4,66486.603,0.01967540824203982,trail/sl,2024
2024-03-22 08:00:00+00:00,2024-03-22 10:26:00+00:00,1,66223.3,64898.834,-0.020800000000000003,trail/sl,2024
2024-03-22 16:00:00+00:00,2024-03-22 21:36:00+00:00,1,63920.0,62641.6,-0.02080000000000002,trail/sl,2024
2024-03-23 00:00:00+00:00,2024-03-23 23:56:00+00:00,1,63826.1,64068.5,0.0029978193873666332,trail/sl,2024
2024-03-24 00:00:00+00:00,2024-03-24 08:59:00+00:00,-1,64020.4,65300.808000000005,-0.020800000000000048,trail/sl,2024
2024-03-24 16:00:00+00:00,2024-03-24 21:57:00+00:00,-1,65718.6,66574.05,-0.013816862805963564,trail/sl,2024
2024-03-25 00:00:00+00:00,2024-03-25 14:00:00+00:00,-1,67260.9,68420.42800000001,-0.018039257874932095,trail/sl,2024
2024-03-25 16:00:00+00:00,2024-03-26 07:22:00+00:00,-1,69844.5,71241.39,-0.02079999999999999,trail/sl,2024
2024-03-26 08:00:00+00:00,2024-03-27 13:15:00+00:00,-1,70535.0,71399.6,-0.013057744382221676,trail/sl,2024
2024-03-28 16:00:00+00:00,2024-03-31 18:39:00+00:00,-1,71335.2,71070.0,0.002917659724792208,trail/sl,2024
2024-04-01 00:00:00+00:00,2024-04-03 04:30:00+00:00,-1,71363.0,66435.0,0.06825539285063689,trail/sl,2024
2024-04-03 16:00:00+00:00,2024-04-04 13:15:00+00:00,-1,65873.9,67053.0,-0.01869935012197556,trail/sl,2024
2024-04-04 16:00:00+00:00,2024-04-04 18:00:00+00:00,-1,67631.7,68984.334,-0.02080000000000008,trail/sl,2024
2024-04-06 00:00:00+00:00,2024-04-09 06:42:00+00:00,1,67825.8,70703.688,0.04163057951399013,trail/sl,2024
2024-04-09 08:00:00+00:00,2024-04-09 14:42:00+00:00,1,70444.1,69035.21800000001,-0.020799999999999964,trail/sl,2024
2024-04-09 16:00:00+00:00,2024-04-10 12:37:00+00:00,1,69322.8,67936.344,-0.02080000000000008,trail/sl,2024
2024-04-10 16:00:00+00:00,2024-04-12 14:59:00+00:00,1,68688.0,69269.83399999999,0.0076706790123455045,trail/sl,2024
2024-04-13 00:00:00+00:00,2024-04-13 01:51:00+00:00,1,67136.4,65793.67199999999,-0.02080000000000004,trail/sl,2024
2024-04-13 08:00:00+00:00,2024-04-13 19:49:00+00:00,1,67466.1,66116.778,-0.0208,trail/sl,2024
2024-04-14 00:00:00+00:00,2024-04-14 03:03:00+00:00,1,63939.7,62660.905999999995,-0.020800000000000027,trail/sl,2024
2024-04-14 08:00:00+00:00,2024-04-14 17:21:00+00:00,1,64449.9,63160.902,-0.020799999999999992,trail/sl,2024
2024-04-15 00:00:00+00:00,2024-04-15 09:21:00+00:00,-1,65615.9,66588.67599999999,-0.015625309109529827,trail/sl,2024
2024-04-16 00:00:00+00:00,2024-04-16 04:42:00+00:00,1,63392.8,62124.944,-0.020799999999999996,trail/sl,2024
2024-04-16 08:00:00+00:00,2024-04-16 10:25:00+00:00,1,63488.0,62218.24,-0.02080000000000003,trail/sl,2024
2024-04-16 16:00:00+00:00,2024-04-17 11:54:00+00:00,1,61749.2,62548.801,0.012149171811132814,trail/sl,2024
2024-04-18 00:00:00+00:00,2024-04-19 01:12:00+00:00,1,61254.5,62177.0,0.014260118032144577,trail/sl,2024
2024-04-19 16:00:00+00:00,2024-04-20 15:47:00+00:00,-1,64417.6,64797.3,-0.006694351854151729,trail/sl,2024
2024-04-21 00:00:00+00:00,2024-04-22 05:42:00+00:00,-1,64897.2,66140.626,-0.019959932940096133,trail/sl,2024
2024-04-22 08:00:00+00:00,2024-04-25 17:02:00+00:00,-1,65943.8,64602.939000000006,0.01953338994719742,trail/sl,2024
2024-04-26 00:00:00+00:00,2024-04-27 00:42:00+00:00,1,64478.8,63189.224,-0.020800000000000013,trail/sl,2024
2024-04-28 00:00:00+00:00,2024-04-29 03:09:00+00:00,1,63420.9,62419.5,-0.016589747543790792,trail/sl,2024
2024-04-30 08:00:00+00:00,2024-04-30 22:34:00+00:00,-1,63123.7,60924.5,0.03403952936852556,trail/sl,2024
2024-05-01 00:00:00+00:00,2024-05-01 07:00:00+00:00,1,60651.2,59438.176,-0.02079999999999996,trail/sl,2024
2024-05-01 08:00:00+00:00,2024-05-01 19:31:00+00:00,1,57482.0,57655.054,0.0022105772241744624,trail/sl,2024
2024-05-02 00:00:00+00:00,2024-05-02 01:35:00+00:00,1,58307.7,57141.545999999995,-0.020800000000000037,trail/sl,2024
2024-05-02 16:00:00+00:00,2024-05-03 12:37:00+00:00,-1,59230.8,60352.232,-0.019733257697009,trail/sl,2024
2024-05-03 16:00:00+00:00,2024-05-03 20:37:00+00:00,-1,61662.2,62895.443999999996,-0.020799999999999978,trail/sl,2024
2024-05-04 00:00:00+00:00,2024-05-04 10:51:00+00:00,-1,62853.7,64110.774,-0.02080000000000001,trail/sl,2024
2024-05-04 16:00:00+00:00,2024-05-06 08:18:00+00:00,-1,63590.1,64717.990000000005,-0.01853688042635578,trail/sl,2024
2024-05-06 16:00:00+00:00,2024-05-07 23:02:00+00:00,1,63599.9,62460.433999999994,-0.018716160245535095,trail/sl,2024
2024-05-08 00:00:00+00:00,2024-05-08 22:15:00+00:00,1,62296.0,61105.053,-0.019917551688711958,trail/sl,2024
2024-05-09 00:00:00+00:00,2024-05-10 14:48:00+00:00,1,61157.9,61543.78399999999,0.005509634568878115,trail/sl,2024
2024-05-11 00:00:00+00:00,2024-05-14 06:18:00+00:00,1,60778.0,61536.799999999996,0.011684780677218658,trail/sl,2024
2024-05-14 08:00:00+00:00,2024-05-16 17:28:00+00:00,1,62002.0,64796.0,0.04426306248185542,trail/sl,2024
2024-05-17 00:00:00+00:00,2024-05-21 15:50:00+00:00,1,65217.7,69968.816,0.0720501005095244,trail/sl,2024
2024-05-21 16:00:00+00:00,2024-05-23 21:02:00+00:00,-1,69874.8,68141.29800000001,0.024008686393377773,trail/sl,2024
2024-05-24 00:00:00+00:00,2024-05-24 08:27:00+00:00,1,67999.9,66639.90199999999,-0.0208000000000001,trail/sl,2024
2024-05-25 08:00:00+00:00,2024-05-27 15:34:00+00:00,-1,68775.1,70150.60200000001,-0.02080000000000011,trail/sl,2024
2024-05-27 16:00:00+00:00,2024-05-30 17:23:00+00:00,-1,70421.4,69142.87,0.01735541866534887,trail/sl,2024
2024-06-02 00:00:00+00:00,2024-06-07 17:58:00+00:00,1,67799.2,69979.68,0.03136085145547434,trail/sl,2024
2024-06-08 00:00:00+00:00,2024-06-11 02:18:00+00:00,1,69377.0,68116.019,-0.018975778716289256,trail/sl,2024
2024-06-11 08:00:00+00:00,2024-06-11 15:44:00+00:00,1,67582.1,66230.458,-0.020800000000000103,trail/sl,2024
2024-06-11 16:00:00+00:00,2024-06-12 19:45:00+00:00,1,66266.0,67927.16,0.024268059034799196,trail/sl,2024
2024-06-13 16:00:00+00:00,2024-06-14 16:29:00+00:00,1,66464.3,65345.505,-0.017633021637179738,trail/sl,2024
2024-06-15 00:00:00+00:00,2024-06-18 01:28:00+00:00,1,66039.7,65262.182,-0.012573493822655107,trail/sl,2024
2024-06-18 08:00:00+00:00,2024-06-18 14:08:00+00:00,1,65646.3,64333.374,-0.02079999999999999,trail/sl,2024
2024-06-18 16:00:00+00:00,2024-06-21 03:58:00+00:00,1,64676.7,64472.99,-0.003949665953890646,trail/sl,2024
2024-06-21 08:00:00+00:00,2024-06-24 00:33:00+00:00,1,64179.5,62895.909999999996,-0.020800000000000058,trail/sl,2024
2024-06-24 16:00:00+00:00,2024-06-24 19:49:00+00:00,1,60823.3,59606.834,-0.020800000000000003,trail/sl,2024
2024-06-25 00:00:00+00:00,2024-06-28 19:17:00+00:00,1,60273.5,60591.147,0.004470093822326515,trail/sl,2024
2024-06-29 16:00:00+00:00,2024-06-30 20:34:00+00:00,-1,61107.8,62329.956000000006,-0.02080000000000004,trail/sl,2024
2024-07-01 00:00:00+00:00,2024-07-04 19:21:00+00:00,-1,62766.1,58452.5,0.06792499645509278,trail/sl,2024
2024-07-05 00:00:00+00:00,2024-07-05 02:58:00+00:00,1,57045.9,55904.982,-0.02079999999999996,trail/sl,2024
2024-07-05 08:00:00+00:00,2024-07-07 14:11:00+00:00,1,54389.4,56717.84,0.042010547643474554,trail/sl,2024
2024-07-08 00:00:00+00:00,2024-07-08 01:05:00+00:00,1,55831.0,54714.38,-0.020800000000000044,trail/sl,2024
2024-07-08 08:00:00+00:00,2024-07-08 14:27:00+00:00,1,55828.4,56454.0,0.01040576624083797,trail/sl,2024
2024-07-08 16:00:00+00:00,2024-07-10 13:36:00+00:00,1,55736.8,57666.111999999994,0.03381468903848069,trail/sl,2024
2024-07-10 16:00:00+00:00,2024-07-11 11:40:00+00:00,-1,57658.1,58740.9,-0.019579668424731352,trail/sl,2024
2024-07-12 08:00:00+00:00,2024-07-16 06:54:00+00:00,1,57071.4,63039.136,0.10376613995801745,trail/sl,2024
2024-07-16 16:00:00+00:00,2024-07-17 01:17:00+00:00,-1,64833.9,65979.74,-0.01847347020617306,trail/sl,2024
2024-07-17 08:00:00+00:00,2024-07-19 13:56:00+00:00,-1,65226.2,65102.592000000004,0.0010950667063234238,trail/sl,2024
2024-07-19 16:00:00+00:00,2024-07-19 19:23:00+00:00,-1,65791.5,67107.33,-0.020800000000000027,trail/sl,2024
2024-07-20 00:00:00+00:00,2024-07-21 20:19:00+00:00,-1,66627.9,67722.5,-0.017228553203688032,trail/sl,2024
2024-07-23 00:00:00+00:00,2024-07-23 13:32:00+00:00,1,67499.2,66149.216,-0.02079999999999995,trail/sl,2024
2024-07-23 16:00:00+00:00,2024-07-24 21:31:00+00:00,1,66552.8,65221.744,-0.02080000000000006,trail/sl,2024
2024-07-25 00:00:00+00:00,2024-07-25 02:28:00+00:00,1,65350.7,64043.685999999994,-0.020800000000000044,trail/sl,2024
2024-07-25 08:00:00+00:00,2024-07-27 20:21:00+00:00,1,64115.0,67300.249,0.04888024643219209,trail/sl,2024
2024-07-28 08:00:00+00:00,2024-07-29 15:06:00+00:00,1,67517.6,67978.56999999999,0.006027405002547285,trail/sl,2024
2024-07-29 16:00:00+00:00,2024-08-01 20:36:00+00:00,-1,68067.3,64139.335999999996,0.056907063450438125,trail/sl,2024
2024-08-02 00:00:00+00:00,2024-08-04 18:51:00+00:00,-1,65329.0,58751.200000000004,0.09988729048355242,trail/sl,2024
2024-08-05 00:00:00+00:00,2024-08-05 00:37:00+00:00,1,58144.5,56981.61,-0.02079999999999999,trail/sl,2024
2024-08-05 08:00:00+00:00,2024-08-05 10:16:00+00:00,1,52645.6,51604.0,-0.020585129241570018,trail/sl,2024
2024-08-05 16:00:00+00:00,2024-08-05 17:07:00+00:00,1,54289.7,53857.31,-0.00876449418582161,trail/sl,2024
2024-08-06 00:00:00+00:00,2024-08-06 09:07:00+00:00,1,54003.5,54567.156,0.009637397576083081,trail/sl,2024
2024-08-06 16:00:00+00:00,2024-08-07 02:26:00+00:00,-1,56370.0,57181.789000000004,-0.01520108213588796,trail/sl,2024
2024-08-07 08:00:00+00:00,2024-08-08 01:44:00+00:00,-1,56898.8,56155.39400000001,0.012265407354812323,trail/sl,2024
2024-08-08 16:00:00+00:00,2024-08-08 21:42:00+00:00,-1,59391.9,60579.738000000005,-0.020800000000000055,trail/sl,2024
2024-08-09 00:00:00+00:00,2024-08-10 00:22:00+00:00,-1,61659.8,61285.0,0.005278514688662676,trail/sl,2024
2024-08-10 08:00:00+00:00,2024-08-11 13:11:00+00:00,1,60809.6,60140.0,-0.011811419249592146,trail/sl,2024
2024-08-12 00:00:00+00:00,2024-08-12 13:57:00+00:00,1,58693.1,58139.666000000005,-0.010229285554860688,trail/sl,2024
2024-08-14 00:00:00+00:00,2024-08-14 12:29:00+00:00,-1,60550.4,61761.408,-0.020800000000000023,trail/sl,2024
2024-08-14 16:00:00+00:00,2024-08-15 13:35:00+00:00,-1,59396.9,59409.988,-0.0010203481999901695,trail/sl,2024
2024-08-15 16:00:00+00:00,2024-08-15 22:29:00+00:00,-1,59643.3,57648.07,0.032652709692455026,trail/sl,2024
2024-08-16 08:00:00+00:00,2024-08-16 17:58:00+00:00,-1,58423.4,59225.0,-0.014520529787722019,trail/sl,2024
2024-08-17 00:00:00+00:00,2024-08-18 02:58:00+00:00,-1,58854.9,60031.998,-0.020799999999999968,trail/sl,2024
2024-08-18 16:00:00+00:00,2024-08-19 23:27:00+00:00,-1,59828.8,59482.5,0.0049881822801059504,trail/sl,2024
2024-08-20 08:00:00+00:00,2024-08-21 18:21:00+00:00,-1,60899.9,60256.133,0.00977090405731372,trail/sl,2024
2024-08-22 00:00:00+00:00,2024-08-23 14:02:00+00:00,-1,61120.0,61467.928,-0.006492539267015705,trail/sl,2024
2024-08-23 16:00:00+00:00,2024-08-23 17:47:00+00:00,-1,61498.6,62728.572,-0.020800000000000023,trail/sl,2024
2024-08-24 00:00:00+00:00,2024-08-27 23:27:00+00:00,-1,64020.0,59666.046,0.06720927835051543,trail/sl,2024
2024-08-28 00:00:00+00:00,2024-08-28 16:15:00+00:00,1,59384.4,58391.866,-0.017513716060110054,trail/sl,2024
2024-08-29 00:00:00+00:00,2024-08-29 18:38:00+00:00,1,59010.0,59310.553,0.00429325538044399,trail/sl,2024
2024-08-30 08:00:00+00:00,2024-08-30 15:02:00+00:00,1,59236.0,58117.453,-0.019682892160172844,trail/sl,2024
2024-08-31 00:00:00+00:00,2024-09-01 05:26:00+00:00,1,59096.4,57914.472,-0.020799999999999996,trail/sl,2024
2024-09-02 00:00:00+00:00,2024-09-03 14:13:00+00:00,1,57268.1,57996.299999999996,0.011915630516814721,trail/sl,2024
2024-09-04 00:00:00+00:00,2024-09-04 01:01:00+00:00,1,57452.0,56302.96,-0.020800000000000013,trail/sl,2024
2024-09-04 08:00:00+00:00,2024-09-05 06:23:00+00:00,1,56717.1,56745.0,-0.00030808486329517105,trail/sl,2024
2024-09-05 08:00:00+00:00,2024-09-06 12:56:00+00:00,-1,57126.9,56907.5,0.0030405724798650276,trail/sl,2024
2024-09-06 16:00:00+00:00,2024-09-06 20:50:00+00:00,1,54022.1,52941.657999999996,-0.02080000000000005,trail/sl,2024
2024-09-07 00:00:00+00:00,2024-09-10 04:36:00+00:00,1,53927.7,56408.60399999999,0.04520426126091035,trail/sl,2024
2024-09-10 08:00:00+00:00,2024-09-11 16:54:00+00:00,-1,57183.2,57180.655999999995,-0.0007555114089452551,trail/sl,2024
2024-09-12 00:00:00+00:00,2024-09-15 23:10:00+00:00,1,57305.6,58779.09,0.02491284481795842,trail/sl,2024
2024-09-16 00:00:00+00:00,2024-09-16 14:29:00+00:00,1,59100.5,57918.49,-0.020800000000000034,trail/sl,2024
2024-09-16 16:00:00+00:00,2024-09-18 10:15:00+00:00,1,57860.7,59504.65,0.027612203792902686,trail/sl,2024
2024-09-18 16:00:00+00:00,2024-09-18 20:12:00+00:00,1,59400.1,59481.079,0.0005632805331977447,trail/sl,2024
2024-09-19 00:00:00+00:00,2024-09-19 12:06:00+00:00,-1,61735.3,62970.006,-0.02079999999999997,trail/sl,2024
2024-09-19 16:00:00+00:00,2024-09-23 03:09:00+00:00,-1,63129.0,64189.6,-0.01760051957103706,trail/sl,2024
2024-09-23 08:00:00+00:00,2024-09-24 20:08:00+00:00,-1,63519.9,64568.846,-0.017313659498834164,trail/sl,2024
2024-09-25 00:00:00+00:00,2024-09-26 12:24:00+00:00,-1,64243.2,64513.432,-0.005006390715281985,trail/sl,2024
2024-09-26 16:00:00+00:00,2024-10-02 16:02:00+00:00,-1,65200.0,61932.046,0.04932199386503064,trail/sl,2024
2024-10-03 00:00:00+00:00,2024-10-07 22:56:00+00:00,1,60622.7,62514.75399999999,0.030410322206038277,trail/sl,2024
2024-10-08 00:00:00+00:00,2024-10-09 18:17:00+00:00,1,62190.6,61283.33899999999,-0.015388394387576353,trail/sl,2024
2024-10-10 00:00:00+00:00,2024-10-10 18:00:00+00:00,1,60606.3,59458.09,-0.019745390165708948,trail/sl,2024
2024-10-11 00:00:00+00:00,2024-10-15 14:39:00+00:00,1,60293.3,65915.08899999999,0.09244069175181968,trail/sl,2024
2024-10-15 16:00:00+00:00,2024-10-21 13:42:00+00:00,1,65994.7,67479.02,0.021691503105552522,trail/sl,2024
2024-10-22 00:00:00+00:00,2024-10-23 15:34:00+00:00,1,67368.7,66021.326,-0.020799999999999944,trail/sl,2024
2024-10-23 16:00:00+00:00,2024-10-25 17:57:00+00:00,1,66201.7,66777.22499999999,0.007893507870643718,trail/sl,2024
2024-10-26 00:00:00+00:00,2024-10-30 13:45:00+00:00,1,66662.7,71450.2,0.07101677309799934,trail/sl,2024
2024-10-30 16:00:00+00:00,2024-10-31 14:45:00+00:00,1,72058.8,70795.35299999999,-0.018333555929324587,trail/sl,2024
2024-10-31 16:00:00+00:00,2024-11-01 02:03:00+00:00,1,70638.6,69225.82800000001,-0.020799999999999957,trail/sl,2024
2024-11-01 08:00:00+00:00,2024-11-01 15:47:00+00:00,1,69301.0,69500.5,0.0020787463384366748,trail/sl,2024
2024-11-01 16:00:00+00:00,2024-11-03 02:22:00+00:00,1,69381.1,68427.001,-0.014551569231390133,trail/sl,2024
2024-11-03 08:00:00+00:00,2024-11-04 17:18:00+00:00,1,68395.5,67410.441,-0.015202394894400858,trail/sl,2024
2024-11-05 00:00:00+00:00,2024-11-06 07:42:00+00:00,1,67834.4,73386.417,0.08104662943875096,trail/sl,2024
2024-11-06 08:00:00+00:00,2024-11-06 18:09:00+00:00,-1,73435.8,74903.145,-0.020781330631653785,trail/sl,2024
2024-11-07 00:00:00+00:00,2024-11-07 18:33:00+00:00,-1,75579.9,76683.5,-0.015401765813397555,trail/sl,2024
2024-11-08 08:00:00+00:00,2024-11-10 04:33:00+00:00,-1,76171.0,77694.42,-0.020799999999999975,trail/sl,2024
2024-11-10 16:00:00+00:00,2024-11-10 22:17:00+00:00,-1,79735.1,80905.67599999999,-0.015480811838199066,trail/sl,2024
2024-11-11 00:00:00+00:00,2024-11-11 10:07:00+00:00,-1,80409.9,82018.098,-0.020800000000000048,trail/sl,2024
2024-11-11 16:00:00+00:00,2024-11-11 18:54:00+00:00,-1,84114.1,85796.38200000001,-0.020800000000000075,trail/sl,2024
2024-11-12 00:00:00+00:00,2024-11-12 01:03:00+00:00,-1,88729.0,89257.122,-0.006752078801744672,trail/sl,2024
2024-11-12 08:00:00+00:00,2024-11-12 17:18:00+00:00,-1,89095.5,87714.697,0.014698010561700645,trail/sl,2024
2024-11-13 00:00:00+00:00,2024-11-13 06:35:00+00:00,1,87972.0,86212.56,-0.020800000000000027,trail/sl,2024
2024-11-13 08:00:00+00:00,2024-11-13 19:18:00+00:00,1,87402.9,90618.467,0.03599016371310346,trail/sl,2024
2024-11-14 08:00:00+00:00,2024-11-15 09:25:00+00:00,-1,90818.9,89315.42,0.015754703921760736,trail/sl,2024
2024-11-16 00:00:00+00:00,2024-11-18 06:42:00+00:00,-1,91074.6,91398.183,-0.004352944509226488,trail/sl,2024
2024-11-18 08:00:00+00:00,2024-11-18 15:42:00+00:00,-1,91795.9,92104.763,-0.004164670971143723,trail/sl,2024
2024-11-18 16:00:00+00:00,2024-11-19 12:26:00+00:00,-1,92407.8,92397.386,-0.000687303885602684,trail/sl,2024
2024-11-19 16:00:00+00:00,2024-11-20 13:15:00+00:00,-1,92455.5,94074.432,-0.018310391485633636,trail/sl,2024
2024-11-20 16:00:00+00:00,2024-11-21 03:36:00+00:00,-1,94737.6,95886.099,-0.012922948016415827,trail/sl,2024
2024-11-21 08:00:00+00:00,2024-11-21 18:30:00+00:00,-1,96950.0,98493.75,-0.016723156266116552,trail/sl,2024
2024-11-22 08:00:00+00:00,2024-11-25 09:11:00+00:00,-1,99252.6,98696.763,0.004800226089795123,trail/sl,2024
2024-11-25 16:00:00+00:00,2024-11-26 16:28:00+00:00,-1,96040.4,94299.59,0.01732580955514552,trail/sl,2024
2024-11-27 00:00:00+00:00,2024-12-01 02:58:00+00:00,1,92021.5,95751.901,0.039738363317268224,trail/sl,2024
2024-12-01 08:00:00+00:00,2024-12-02 08:26:00+00:00,1,96525.4,95318.02,-0.013308417473535361,trail/sl,2024
2024-12-03 00:00:00+00:00,2024-12-03 13:55:00+00:00,1,95890.6,93972.788,-0.020800000000000055,trail/sl,2024
2024-12-03 16:00:00+00:00,2024-12-05 07:16:00+00:00,1,95744.7,101491.488,0.0592219959956008,trail/sl,2024
2024-12-05 08:00:00+00:00,2024-12-05 22:29:00+00:00,-1,102292.1,92906.0,0.09095781903001313,trail/sl,2024
2024-12-06 00:00:00+00:00,2024-12-07 05:45:00+00:00,1,97001.6,98929.136,0.01907117738264104,trail/sl,2024
2024-12-08 16:00:00+00:00,2024-12-09 21:15:00+00:00,-1,99974.9,96860.891,0.03034790812493927,trail/sl,2024
2024-12-10 00:00:00+00:00,2024-12-10 16:01:00+00:00,1,97349.1,95402.118,-0.020800000000000034,trail/sl,2024
2024-12-11 00:00:00+00:00,2024-12-12 19:42:00+00:00,1,96602.3,99462.24799999999,0.02880538206647243,trail/sl,2024
2024-12-13 00:00:00+00:00,2024-12-16 12:48:00+00:00,1,99982.3,103465.826,0.034041426932567044,trail/sl,2024
2024-12-16 16:00:00+00:00,2024-12-19 08:28:00+00:00,-1,106281.1,101706.32,0.04224415366419804,trail/sl,2024
2024-12-19 16:00:00+00:00,2024-12-19 17:49:00+00:00,1,100631.1,98618.478,-0.020800000000000027,trail/sl,2024
2024-12-20 00:00:00+00:00,2024-12-20 08:52:00+00:00,1,97434.3,95485.614,-0.020800000000000013,trail/sl,2024
2024-12-20 16:00:00+00:00,2024-12-21 13:30:00+00:00,1,96961.4,96500.45,-0.005553953635157879,trail/sl,2024
2024-12-22 08:00:00+00:00,2024-12-22 20:09:00+00:00,1,96192.1,94402.437,-0.019405093349661773,trail/sl,2024
2024-12-23 00:00:00+00:00,2024-12-23 15:10:00+00:00,1,95153.4,93604.03,-0.017082865352157625,trail/sl,2024
2024-12-24 08:00:00+00:00,2024-12-26 08:06:00+00:00,1,94199.9,96951.5,0.02841022209153095,trail/sl,2024
2024-12-26 16:00:00+00:00,2024-12-27 15:19:00+00:00,1,95993.1,94637.565,-0.014921171209180696,trail/sl,2024
2024-12-27 16:00:00+00:00,2024-12-30 13:50:00+00:00,1,94539.9,92829.0,-0.018897120898160397,trail/sl,2024
2024-12-31 00:00:00+00:00,2024-12-31 17:39:00+00:00,1,92759.3,93366.671,0.005747817846835834,trail/sl,2024
2025-01-01 16:00:00+00:00,2025-01-07 15:01:00+00:00,1,94409.9,99679.23700000001,0.055013394569849286,trail/sl,2025
2025-01-07 16:00:00+00:00,2025-01-08 06:32:00+00:00,1,97915.4,95957.09199999999,-0.020800000000000048,trail/sl,2025
2025-01-08 08:00:00+00:00,2025-01-08 17:21:00+00:00,1,95628.3,93715.734,-0.02080000000000006,trail/sl,2025
2025-01-09 00:00:00+00:00,2025-01-09 08:04:00+00:00,1,95014.0,93113.72,-0.020799999999999985,trail/sl,2025
2025-01-09 16:00:00+00:00,2025-01-09 17:52:00+00:00,1,94195.1,92311.198,-0.020800000000000016,trail/sl,2025
2025-01-10 00:00:00+00:00,2025-01-10 15:12:00+00:00,1,92506.0,92382.703,-0.0021328540851404875,trail/sl,2025
2025-01-11 00:00:00+00:00,2025-01-13 14:48:00+00:00,-1,94675.6,91576.27,0.03193631220715793,trail/sl,2025
2025-01-13 16:00:00+00:00,2025-01-16 14:45:00+00:00,1,92093.7,97824.5,0.06142792655740841,trail/sl,2025
2025-01-16 16:00:00+00:00,2025-01-18 07:50:00+00:00,1,99258.2,102610.48,0.03297333056613961,trail/sl,2025
2025-01-18 08:00:00+00:00,2025-01-18 15:39:00+00:00,-1,102781.1,104836.72200000001,-0.020800000000000027,trail/sl,2025
2025-01-19 08:00:00+00:00,2025-01-20 04:47:00+00:00,-1,105151.8,102486.03,0.02455163449413138,trail/sl,2025
2025-01-20 08:00:00+00:00,2025-01-20 16:42:00+00:00,-1,107178.8,106813.06,0.0026124285772933195,trail/sl,2025
2025-01-21 08:00:00+00:00,2025-01-22 13:52:00+00:00,1,101980.7,104024.352,0.019239595727426877,trail/sl,2025
2025-01-22 16:00:00+00:00,2025-01-23 04:15:00+00:00,1,104138.1,102055.338,-0.02080000000000002,trail/sl,2025
2025-01-23 08:00:00+00:00,2025-01-23 15:08:00+00:00,1,102668.3,102820.0,0.0006775738957399419,trail/sl,2025
2025-01-24 00:00:00+00:00,2025-01-26 23:01:00+00:00,1,103864.0,103864.205,-0.000798026265115904,trail/sl,2025
2025-01-27 00:00:00+00:00,2025-01-27 04:37:00+00:00,1,102560.0,100508.8,-0.02079999999999997,trail/sl,2025
2025-01-27 16:00:00+00:00,2025-01-27 17:21:00+00:00,1,101070.8,99049.384,-0.02079999999999997,trail/sl,2025
2025-01-28 00:00:00+00:00,2025-01-28 21:44:00+00:00,1,102021.3,100683.09,-0.01391696675106087,trail/sl,2025
2025-01-29 00:00:00+00:00,2025-01-31 18:37:00+00:00,1,101279.7,103256.5,0.01871822527120443,trail/sl,2025
2025-02-01 08:00:00+00:00,2025-02-02 03:10:00+00:00,1,102127.0,100084.45999999999,-0.02080000000000008,trail/sl,2025
2025-02-02 16:00:00+00:00,2025-02-02 17:50:00+00:00,1,99298.6,97312.628,-0.020800000000000086,trail/sl,2025
2025-02-03 00:00:00+00:00,2025-02-03 00:44:00+00:00,1,97664.5,95711.20999999999,-0.020800000000000082,trail/sl,2025
2025-02-03 08:00:00+00:00,2025-02-04 05:05:00+00:00,1,95271.1,99382.31999999999,0.042352855377968616,trail/sl,2025
2025-02-05 00:00:00+00:00,2025-02-05 23:31:00+00:00,1,97710.0,96150.47399999999,-0.016760761436905254,trail/sl,2025
2025-02-06 00:00:00+00:00,2025-02-06 18:21:00+00:00,1,96553.2,96120.20999999999,-0.005284470737375926,trail/sl,2025
2025-02-07 00:00:00+00:00,2025-02-07 17:21:00+00:00,1,96515.0,97109.02799999999,0.005354773869346642,trail/sl,2025
2025-02-10 00:00:00+00:00,2025-02-11 18:46:00+00:00,1,96423.6,95527.734,-0.010090941221858643,trail/sl,2025
2025-02-13 00:00:00+00:00,2025-02-14 17:45:00+00:00,-1,97816.3,98014.903,-0.0028303671269512627,trail/sl,2025
2025-02-16 16:00:00+00:00,2025-02-18 16:36:00+00:00,1,96850.0,94913.0,-0.0208,trail/sl,2025
2025-02-20 16:00:00+00:00,2025-02-21 09:18:00+00:00,-1,96871.1,98808.52200000001,-0.020800000000000058,trail/sl,2025
2025-02-22 00:00:00+00:00,2025-02-24 15:06:00+00:00,1,96128.0,94205.44,-0.020799999999999975,trail/sl,2025
2025-02-25 08:00:00+00:00,2025-02-25 10:21:00+00:00,1,89262.8,87477.544,-0.020800000000000093,trail/sl,2025
2025-02-25 16:00:00+00:00,2025-02-26 14:01:00+00:00,1,87206.8,86759.419,-0.005930116000128528,trail/sl,2025
2025-02-26 16:00:00+00:00,2025-02-26 21:20:00+00:00,-1,87536.5,84688.66,0.031733171876874175,trail/sl,2025
2025-02-27 00:00:00+00:00,2025-02-27 16:51:00+00:00,1,84208.6,84454.02,0.0021144291675671873,trail/sl,2025
2025-02-28 00:00:00+00:00,2025-02-28 09:30:00+00:00,-1,84668.2,80546.206,0.047884086823624356,trail/sl,2025
2025-02-28 16:00:00+00:00,2025-03-03 06:40:00+00:00,1,83948.1,92121.87,0.09656694457647033,trail/sl,2025
2025-03-04 00:00:00+00:00,2025-03-04 01:39:00+00:00,1,86193.3,84469.43400000001,-0.020799999999999933,trail/sl,2025
2025-03-04 08:00:00+00:00,2025-03-04 15:16:00+00:00,1,83159.4,82386.85299999999,-0.010089953991972116,trail/sl,2025
2025-03-04 16:00:00+00:00,2025-03-05 14:57:00+00:00,1,82945.0,88170.187,0.06219580444873115,trail/sl,2025
2025-03-05 16:00:00+00:00,2025-03-05 17:30:00+00:00,-1,88312.5,90078.75,-0.0208,trail/sl,2025
2025-03-06 00:00:00+00:00,2025-03-06 04:52:00+00:00,-1,90566.1,92377.422,-0.0208,trail/sl,2025
2025-03-06 08:00:00+00:00,2025-03-06 22:00:00+00:00,-1,91311.4,90424.215,0.008916037646996954,trail/sl,2025
2025-03-07 00:00:00+00:00,2025-03-07 00:15:00+00:00,1,89887.9,88519.969,-0.016018188432480866,trail/sl,2025
2025-03-07 08:00:00+00:00,2025-03-07 15:34:00+00:00,1,88308.8,88374.66299999999,-5.417398945537703e-05,trail/sl,2025
2025-03-07 16:00:00+00:00,2025-03-07 16:52:00+00:00,1,88425.0,86656.5,-0.0208,trail/sl,2025
2025-03-08 00:00:00+00:00,2025-03-09 10:44:00+00:00,1,86753.8,85018.724,-0.02080000000000001,trail/sl,2025
2025-03-10 00:00:00+00:00,2025-03-10 13:54:00+00:00,1,80690.7,81510.555,0.009360464588855914,trail/sl,2025
2025-03-10 16:00:00+00:00,2025-03-10 17:06:00+00:00,1,80009.7,78409.506,-0.020800000000000037,trail/sl,2025
2025-03-11 00:00:00+00:00,2025-03-11 00:34:00+00:00,1,78567.8,76996.444,-0.020799999999999996,trail/sl,2025
2025-03-11 08:00:00+00:00,2025-03-11 14:35:00+00:00,1,80386.0,79772.8,-0.00842819396412307,trail/sl,2025
2025-03-11 16:00:00+00:00,2025-03-11 18:21:00+00:00,-1,81190.7,82814.514,-0.02079999999999998,trail/sl,2025
2025-03-12 00:00:00+00:00,2025-03-12 12:30:00+00:00,-1,82896.0,83687.5,-0.01034810847326771,trail/sl,2025
2025-03-12 16:00:00+00:00,2025-03-12 22:04:00+00:00,-1,81688.0,83321.76,-0.020799999999999933,trail/sl,2025
2025-03-13 08:00:00+00:00,2025-03-14 07:43:00+00:00,-1,83118.6,82300.502,0.009042538252569373,trail/sl,2025
2025-03-14 08:00:00+00:00,2025-03-16 11:18:00+00:00,1,82124.6,82712.094,0.006353690855115172,trail/sl,2025
2025-03-17 00:00:00+00:00,2025-03-18 13:31:00+00:00,1,82541.6,82185.287,-0.005116768756602843,trail/sl,2025
2025-03-18 16:00:00+00:00,2025-03-20 10:20:00+00:00,1,81567.5,84875.0,0.039749238360866766,trail/sl,2025
2025-03-20 16:00:00+00:00,2025-03-26 19:06:00+00:00,1,84642.0,86089.44,0.01630073013397607,trail/sl,2025
2025-03-27 00:00:00+00:00,2025-03-28 07:48:00+00:00,1,86873.9,85136.42199999999,-0.020800000000000034,trail/sl,2025
2025-03-29 08:00:00+00:00,2025-03-29 11:38:00+00:00,1,83696.1,82022.178,-0.02080000000000007,trail/sl,2025
2025-03-29 16:00:00+00:00,2025-04-02 20:27:00+00:00,1,82377.3,85845.0,0.041295334515697855,trail/sl,2025
2025-04-03 00:00:00+00:00,2025-04-03 14:50:00+00:00,1,82485.1,81372.52399999999,-0.014288205748674796,trail/sl,2025
2025-04-03 16:00:00+00:00,2025-04-04 11:12:00+00:00,1,82001.7,82145.614,0.0009550123960845239,trail/sl,2025
2025-04-04 16:00:00+00:00,2025-04-04 17:49:00+00:00,-1,82821.9,84478.33799999999,-0.020799999999999937,trail/sl,2025
2025-04-05 00:00:00+00:00,2025-04-07 08:43:00+00:00,-1,83861.4,76690.71,0.08470644277343317,trail/sl,2025
2025-04-07 16:00:00+00:00,2025-04-08 15:08:00+00:00,1,78444.6,78407.137,-0.0012775727073629463,trail/sl,2025
2025-04-09 16:00:00+00:00,2025-04-10 13:37:00+00:00,1,77237.5,81048.253,0.04853811943680203,trail/sl,2025
2025-04-10 16:00:00+00:00,2025-04-11 01:52:00+00:00,-1,78731.7,80306.334,-0.02080000000000007,trail/sl,2025
2025-04-11 16:00:00+00:00,2025-04-11 18:05:00+00:00,-1,82486.8,84136.53600000001,-0.02080000000000005,trail/sl,2025
2025-04-12 00:00:00+00:00,2025-04-12 14:32:00+00:00,-1,83378.3,85045.86600000001,-0.020800000000000072,trail/sl,2025
2025-04-12 16:00:00+00:00,2025-04-14 02:33:00+00:00,-1,84974.1,85481.245,-0.006768230319591376,trail/sl,2025
2025-04-14 16:00:00+00:00,2025-04-15 20:48:00+00:00,1,84054.4,83849.70999999999,-0.003235208626794104,trail/sl,2025
2025-04-16 00:00:00+00:00,2025-04-23 15:21:00+00:00,1,83608.6,92057.171,0.10024906672280119,trail/sl,2025
2025-04-24 08:00:00+00:00,2025-04-28 01:34:00+00:00,1,92166.1,92896.512,0.00712495288397791,trail/sl,2025
2025-04-29 08:00:00+00:00,2025-04-30 13:59:00+00:00,1,94877.9,92980.34199999999,-0.020800000000000048,trail/sl,2025
2025-04-30 16:00:00+00:00,2025-05-04 22:32:00+00:00,1,93948.4,94929.438,0.009642306627893615,trail/sl,2025
2025-05-05 00:00:00+00:00,2025-05-12 14:29:00+00:00,1,94230.2,102687.20700000001,0.08894837154118333,trail/sl,2025
2025-05-12 16:00:00+00:00,2025-05-15 07:30:00+00:00,1,102481.8,101800.72399999999,-0.0074458239414219455,trail/sl,2025
2025-05-16 00:00:00+00:00,2025-05-19 03:42:00+00:00,1,103714.2,103900.871,0.0009998596142090678,trail/sl,2025
2025-05-19 08:00:00+00:00,2025-05-21 17:44:00+00:00,1,103167.1,106510.074,0.03160348909681465,trail/sl,2025
2025-05-22 00:00:00+00:00,2025-05-22 03:52:00+00:00,-1,109609.6,111801.792,-0.020799999999999957,trail/sl,2025
2025-05-22 08:00:00+00:00,2025-05-26 01:03:00+00:00,-1,111005.8,109691.91,0.011036228377255958,trail/sl,2025
2025-05-26 08:00:00+00:00,2025-05-27 13:17:00+00:00,-1,110049.9,110661.14,-0.006354207682151509,trail/sl,2025
2025-05-27 16:00:00+00:00,2025-05-28 13:55:00+00:00,1,110091.3,107889.474,-0.020800000000000006,trail/sl,2025
2025-05-28 16:00:00+00:00,2025-05-29 19:17:00+00:00,1,107065.5,105594.2,-0.014542055097113477,trail/sl,2025
2025-05-30 00:00:00+00:00,2025-05-31 01:34:00+00:00,1,105539.9,103429.102,-0.020799999999999954,trail/sl,2025
2025-05-31 08:00:00+00:00,2025-06-05 16:52:00+00:00,1,103700.5,103571.75,-0.0020415562123615606,trail/sl,2025
2025-06-06 00:00:00+00:00,2025-06-12 04:24:00+00:00,1,101458.7,107333.992,0.05710821289845032,trail/sl,2025
2025-06-12 08:00:00+00:00,2025-06-13 00:01:00+00:00,1,107577.0,105425.45999999999,-0.020800000000000075,trail/sl,2025
2025-06-13 08:00:00+00:00,2025-06-17 10:38:00+00:00,1,104831.4,105633.0,0.006846563911194602,trail/sl,2025
2025-06-17 16:00:00+00:00,2025-06-20 17:19:00+00:00,1,104199.2,103291.614,-0.00951010525992518,trail/sl,2025
2025-06-21 00:00:00+00:00,2025-06-21 21:34:00+00:00,1,103246.1,101181.178,-0.020800000000000055,trail/sl,2025
2025-06-22 00:00:00+00:00,2025-06-22 13:43:00+00:00,1,102079.8,100261.72200000001,-0.01861036013001587,trail/sl,2025
2025-06-23 16:00:00+00:00,2025-06-23 17:37:00+00:00,-1,101369.6,102534.028,-0.012286954668855356,trail/sl,2025
2025-06-24 08:00:00+00:00,2025-06-25 10:26:00+00:00,-1,104891.8,106989.636,-0.020799999999999957,trail/sl,2025
2025-06-25 16:00:00+00:00,2025-07-02 15:01:00+00:00,-1,106982.7,108160.3,-0.0118073871756836,trail/sl,2025
2025-07-02 16:00:00+00:00,2025-07-09 19:37:00+00:00,-1,108695.4,110416.0,-0.016629556724571653,trail/sl,2025
2025-07-10 00:00:00+00:00,2025-07-10 17:14:00+00:00,-1,111199.8,113423.796,-0.020799999999999992,trail/sl,2025
2025-07-11 00:00:00+00:00,2025-07-11 05:48:00+00:00,-1,115979.2,118298.784,-0.02080000000000002,trail/sl,2025
2025-07-11 08:00:00+00:00,2025-07-14 02:26:00+00:00,-1,117522.7,119873.154,-0.02079999999999998,trail/sl,2025
2025-07-14 08:00:00+00:00,2025-07-16 09:27:00+00:00,-1,122731.0,119148.44300000001,0.028390318664396008,trail/sl,2025
2025-07-16 16:00:00+00:00,2025-07-17 21:24:00+00:00,-1,119055.9,120935.18400000001,-0.01658488760321844,trail/sl,2025
2025-07-18 00:00:00+00:00,2025-07-22 12:36:00+00:00,-1,119176.5,119340.95,-0.002179886135269932,trail/sl,2025
2025-07-23 00:00:00+00:00,2025-07-26 10:42:00+00:00,-1,119993.7,118107.319,0.014920667001684205,trail/sl,2025
2025-07-27 16:00:00+00:00,2025-08-04 14:03:00+00:00,-1,118580.9,115205.5,0.02766495514876337,trail/sl,2025
2025-08-05 08:00:00+00:00,2025-08-11 19:52:00+00:00,1,113924.7,118776.5,0.041787779471879255,trail/sl,2025
2025-08-12 00:00:00+00:00,2025-08-14 10:56:00+00:00,1,118641.8,120809.232,0.017468704621811208,trail/sl,2025
2025-08-14 16:00:00+00:00,2025-08-18 02:16:00+00:00,1,118185.9,115822.18199999999,-0.02080000000000007,trail/sl,2025
2025-08-18 08:00:00+00:00,2025-08-19 16:39:00+00:00,1,115153.2,113430.53899999999,-0.015759731904975347,trail/sl,2025
2025-08-20 00:00:00+00:00,2025-08-24 19:34:00+00:00,1,112824.1,113875.47799999999,0.008518735979280866,trail/sl,2025
2025-08-25 08:00:00+00:00,2025-08-25 20:34:00+00:00,1,111469.7,109510.769,-0.018373663515735637,trail/sl,2025
2025-08-26 00:00:00+00:00,2025-08-29 07:37:00+00:00,1,110064.1,110026.12999999999,-0.0011449807884679538,trail/sl,2025
2025-08-29 08:00:00+00:00,2025-08-29 14:58:00+00:00,1,109969.0,108144.815,-0.017388174849275684,trail/sl,2025
2025-08-30 00:00:00+00:00,2025-09-06 16:21:00+00:00,1,108332.4,109943.971,0.014076168163910436,trail/sl,2025
2025-09-07 00:00:00+00:00,2025-09-22 00:50:00+00:00,1,110135.2,114338.94399999999,0.037368941446512934,trail/sl,2025
2025-09-22 08:00:00+00:00,2025-09-25 17:11:00+00:00,1,112454.5,110478.926,-0.01836776296190898,trail/sl,2025
2025-09-26 00:00:00+00:00,2025-10-07 15:05:00+00:00,1,108934.6,122422.245,0.12301415087584651,trail/sl,2025
2025-10-07 16:00:00+00:00,2025-10-09 16:53:00+00:00,1,121788.2,120445.482,-0.01182502541297099,trail/sl,2025
2025-10-10 16:00:00+00:00,2025-10-10 19:15:00+00:00,1,118965.2,116585.896,-0.02080000000000003,trail/sl,2025
2025-10-11 00:00:00+00:00,2025-10-11 07:42:00+00:00,1,112715.0,110460.7,-0.020800000000000023,trail/sl,2025
2025-10-11 08:00:00+00:00,2025-10-14 05:35:00+00:00,1,110338.7,112434.64,0.018195511094475487,trail/sl,2025
2025-10-14 16:00:00+00:00,2025-10-15 15:16:00+00:00,1,112822.9,110566.442,-0.02079999999999999,trail/sl,2025
2025-10-15 16:00:00+00:00,2025-10-16 15:46:00+00:00,1,110757.4,108601.2,-0.020267773710831032,trail/sl,2025
2025-10-17 00:00:00+00:00,2025-10-17 07:31:00+00:00,1,108129.4,105966.81199999999,-0.02080000000000003,trail/sl,2025
2025-10-17 08:00:00+00:00,2025-10-21 04:06:00+00:00,1,105578.3,108300.5,0.0249837074474584,trail/sl,2025
2025-10-21 08:00:00+00:00,2025-10-21 20:17:00+00:00,1,108019.9,110521.8,0.02236147302487791,trail/sl,2025
2025-10-22 00:00:00+00:00,2025-10-28 20:09:00+00:00,1,108253.8,112888.794,0.042015993526324166,trail/sl,2025
2025-10-29 00:00:00+00:00,2025-10-29 18:35:00+00:00,1,112833.5,110576.83,-0.02079999999999998,trail/sl,2025
2025-10-30 16:00:00+00:00,2025-11-03 03:52:00+00:00,1,107670.5,107896.01,0.0012944455537960238,trail/sl,2025
2025-11-03 08:00:00+00:00,2025-11-04 05:39:00+00:00,1,107420.6,105272.18800000001,-0.020799999999999968,trail/sl,2025
2025-11-04 16:00:00+00:00,2025-11-04 17:16:00+00:00,1,103157.7,101094.546,-0.02079999999999995,trail/sl,2025
2025-11-05 16:00:00+00:00,2025-11-07 17:23:00+00:00,-1,103668.2,102176.0,0.013593999317051873,trail/sl,2025
2025-11-08 00:00:00+00:00,2025-11-09 18:50:00+00:00,-1,103305.3,104339.0,-0.01080626298941097,trail/sl,2025
2025-11-10 00:00:00+00:00,2025-11-11 01:18:00+00:00,-1,104670.7,106764.114,-0.02080000000000004,trail/sl,2025
2025-11-11 08:00:00+00:00,2025-11-11 20:59:00+00:00,1,104737.1,102642.35800000001,-0.02079999999999998,trail/sl,2025
2025-11-12 00:00:00+00:00,2025-11-12 15:52:00+00:00,1,103005.8,102138.09,-0.0092238945768103,trail/sl,2025
2025-11-14 08:00:00+00:00,2025-11-14 12:34:00+00:00,1,97099.9,95157.90199999999,-0.020800000000000072,trail/sl,2025
2025-11-15 00:00:00+00:00,2025-11-16 17:44:00+00:00,1,94544.9,93896.0,-0.007663405641129181,trail/sl,2025
2025-11-17 16:00:00+00:00,2025-11-17 19:32:00+00:00,1,93915.8,92037.484,-0.020800000000000065,trail/sl,2025
2025-11-18 08:00:00+00:00,2025-11-19 05:08:00+00:00,1,90459.2,90985.12700000001,0.005013969170631739,trail/sl,2025
2025-11-19 16:00:00+00:00,2025-11-20 15:13:00+00:00,1,89901.0,90355.5,0.004255561117228951,trail/sl,2025
2025-11-21 08:00:00+00:00,2025-11-21 09:52:00+00:00,1,84006.7,82326.56599999999,-0.020800000000000065,trail/sl,2025
2025-11-21 16:00:00+00:00,2025-11-24 14:44:00+00:00,1,82905.0,85457.0,0.029982220613955734,trail/sl,2025
2025-11-24 16:00:00+00:00,2025-11-25 14:43:00+00:00,1,86571.1,86501.981,-0.0015984073206879207,trail/sl,2025
2025-11-26 00:00:00+00:00,2025-11-28 17:33:00+00:00,1,87324.1,90287.59999999999,0.03313679408090075,trail/sl,2025
2025-11-29 00:00:00+00:00,2025-12-01 00:07:00+00:00,1,90847.8,89176.36799999999,-0.019198156036800175,trail/sl,2025
2025-12-01 08:00:00+00:00,2025-12-01 12:49:00+00:00,1,86487.3,84757.554,-0.02079999999999999,trail/sl,2025
2025-12-01 16:00:00+00:00,2025-12-04 19:13:00+00:00,1,84650.0,91359.45,0.07846107501476665,trail/sl,2025
2025-12-05 00:00:00+00:00,2025-12-05 14:39:00+00:00,1,92034.7,90194.006,-0.020800000000000034,trail/sl,2025
2025-12-05 16:00:00+00:00,2025-12-05 16:39:00+00:00,1,90413.9,88605.62199999999,-0.02080000000000006,trail/sl,2025
2025-12-06 00:00:00+00:00,2025-12-07 22:07:00+00:00,1,89288.6,88970.34,-0.00436439679869557,trail/sl,2025
2025-12-08 08:00:00+00:00,2025-12-09 15:44:00+00:00,-1,91519.8,92049.96699999999,-0.006592921313202026,trail/sl,2025
2025-12-09 16:00:00+00:00,2025-12-09 17:05:00+00:00,-1,92676.9,94530.438,-0.020800000000000006,trail/sl,2025
2025-12-10 00:00:00+00:00,2025-12-10 20:16:00+00:00,-1,92638.3,94265.6,-0.018366168636514302,trail/sl,2025
2025-12-11 00:00:00+00:00,2025-12-11 02:14:00+00:00,1,91977.5,90137.95,-0.02080000000000003,trail/sl,2025
2025-12-11 08:00:00+00:00,2025-12-12 15:30:00+00:00,1,90231.3,90740.881,0.00484749704370868,trail/sl,2025
2025-12-14 00:00:00+00:00,2025-12-14 20:10:00+00:00,1,90191.3,88387.474,-0.02080000000000001,trail/sl,2025
2025-12-15 00:00:00+00:00,2025-12-15 15:15:00+00:00,1,88118.8,87273.22799999999,-0.01039581837247006,trail/sl,2025
2025-12-16 08:00:00+00:00,2025-12-17 15:52:00+00:00,1,85964.9,87652.30399999999,0.018828988110263553,trail/sl,2025
2025-12-17 16:00:00+00:00,2025-12-17 19:08:00+00:00,1,87191.0,85447.18,-0.02080000000000008,trail/sl,2025
2025-12-18 00:00:00+00:00,2025-12-18 17:08:00+00:00,1,86201.6,86764.46299999999,0.005729611979359814,trail/sl,2025
2025-12-19 08:00:00+00:00,2025-12-22 00:13:00+00:00,-1,87909.7,89399.365,-0.017745399654418206,trail/sl,2025
2025-12-22 16:00:00+00:00,2025-12-26 02:20:00+00:00,-1,89688.6,88945.65000000001,0.007483661468681605,trail/sl,2025
2025-12-26 08:00:00+00:00,2025-12-29 02:07:00+00:00,-1,88433.0,89218.497,-0.009682396842807584,trail/sl,2025
2025-12-29 08:00:00+00:00,2026-01-02 09:49:00+00:00,-1,89583.0,89362.8,0.0016580556578814853,trail/sl,2025
2026-01-02 16:00:00+00:00,2026-01-04 00:05:00+00:00,-1,89373.0,91160.46,-0.020800000000000072,trail/sl,2026
2026-01-04 08:00:00+00:00,2026-01-05 01:37:00+00:00,-1,91477.5,93307.05,-0.02080000000000003,trail/sl,2026
2026-01-05 16:00:00+00:00,2026-01-09 15:33:00+00:00,-1,93900.0,91919.26000000001,0.020294142705005225,trail/sl,2026
2026-01-10 00:00:00+00:00,2026-01-16 15:19:00+00:00,1,90603.7,94994.137,0.04765759058404905,trail/sl,2026
2026-01-17 00:00:00+00:00,2026-01-18 23:56:00+00:00,1,95503.8,93593.724,-0.02080000000000001,trail/sl,2026
2026-01-19 00:00:00+00:00,2026-01-20 05:00:00+00:00,1,93614.0,91741.72,-0.020799999999999985,trail/sl,2026
2026-01-21 00:00:00+00:00,2026-01-21 16:56:00+00:00,1,88390.7,87881.515,-0.0065606173500153036,trail/sl,2026
2026-01-22 08:00:00+00:00,2026-01-23 17:36:00+00:00,-1,89772.6,91119.56800000001,-0.01580422177813729,trail/sl,2026
2026-01-24 00:00:00+00:00,2026-01-25 16:16:00+00:00,1,89558.7,87767.526,-0.02079999999999999,trail/sl,2026
2026-01-26 00:00:00+00:00,2026-01-29 02:46:00+00:00,1,86628.9,87874.919,0.013583410155271512,trail/sl,2026
2026-01-30 00:00:00+00:00,2026-01-30 01:39:00+00:00,1,84604.7,82912.606,-0.020799999999999968,trail/sl,2026
2026-01-30 08:00:00+00:00,2026-01-31 14:23:00+00:00,1,82770.1,82061.03,-0.009366740888316034,trail/sl,2026
2026-01-31 16:00:00+00:00,2026-01-31 17:08:00+00:00,1,81268.6,79734.0,-0.019683061846764993,trail/sl,2026
2026-02-01 00:00:00+00:00,2026-02-01 15:19:00+00:00,1,78706.7,77132.56599999999,-0.02080000000000007,trail/sl,2026
2026-02-01 16:00:00+00:00,2026-02-01 23:06:00+00:00,1,77563.8,76068.952,-0.020072495674528557,trail/sl,2026
2026-02-02 00:00:00+00:00,2026-02-02 03:15:00+00:00,1,76931.6,75767.67,-0.015929413660966462,trail/sl,2026
2026-02-02 08:00:00+00:00,2026-02-03 16:23:00+00:00,1,76612.6,76931.67,0.0033647196414165873,trail/sl,2026
2026-02-04 00:00:00+00:00,2026-02-04 14:57:00+00:00,1,75732.4,74643.925,-0.015172646317824225,trail/sl,2026
2026-02-05 00:00:00+00:00,2026-02-05 02:17:00+00:00,1,73137.5,71674.75,-0.0208,trail/sl,2026
2026-02-05 08:00:00+00:00,2026-02-05 12:15:00+00:00,1,70716.1,69786.068,-0.01395163025110274,trail/sl,2026
2026-02-05 16:00:00+00:00,2026-02-05 17:20:00+00:00,1,67452.0,66607.378,-0.01332182292593256,trail/sl,2026
2026-02-06 00:00:00+00:00,2026-02-06 00:08:00+00:00,1,62868.1,61610.738,-0.020800000000000016,trail/sl,2026
2026-02-06 08:00:00+00:00,2026-02-06 18:24:00+00:00,1,64811.2,69308.05200000001,0.06858387192337148,trail/sl,2026
2026-02-07 00:00:00+00:00,2026-02-07 12:18:00+00:00,-1,70544.5,69267.5,0.017302049061230857,trail/sl,2026
2026-02-08 00:00:00+00:00,2026-02-08 23:30:00+00:00,1,69254.3,70131.0,0.011859141742823147,trail/sl,2026
2026-02-09 16:00:00+00:00,2026-02-10 06:45:00+00:00,1,69528.9,68952.45,-0.00909079706424231,trail/sl,2026
2026-02-10 08:00:00+00:00,2026-02-11 04:23:00+00:00,1,68882.2,67859.16299999999,-0.01565197917604274,trail/sl,2026
2026-02-11 16:00:00+00:00,2026-02-12 16:21:00+00:00,1,66489.4,66333.45,-0.0031454866489996464,trail/sl,2026
2026-02-13 00:00:00+00:00,2026-02-15 13:45:00+00:00,1,66243.2,68810.345,0.03795333619148839,trail/sl,2026
2026-02-15 16:00:00+00:00,2026-02-16 15:31:00+00:00,1,69068.1,68007.57299999999,-0.016154801999765683,trail/sl,2026
2026-02-16 16:00:00+00:00,2026-02-17 14:42:00+00:00,1,67505.5,67151.742,-0.006040432261075048,trail/sl,2026
2026-02-17 16:00:00+00:00,2026-02-20 05:32:00+00:00,-1,67363.6,67563.571,-0.0037685319668187335,trail/sl,2026
2026-02-20 08:00:00+00:00,2026-02-21 14:20:00+00:00,-1,67794.8,68400.34300000001,-0.009731997734339583,trail/sl,2026
2026-02-21 16:00:00+00:00,2026-02-23 09:32:00+00:00,-1,68571.5,66159.784,0.03437082169706074,trail/sl,2026
2026-02-23 16:00:00+00:00,2026-02-23 17:37:00+00:00,1,65633.1,64320.438,-0.020800000000000055,trail/sl,2026
2026-02-24 00:00:00+00:00,2026-02-24 03:50:00+00:00,1,64625.8,63333.284,-0.020800000000000048,trail/sl,2026
2026-02-25 00:00:00+00:00,2026-02-25 23:40:00+00:00,1,64031.4,67899.03,0.05960208397754847,trail/sl,2026
2026-02-26 00:00:00+00:00,2026-02-28 13:53:00+00:00,-1,67952.5,64868.885,0.04457897796254733,trail/sl,2026
2026-02-28 16:00:00+00:00,2026-03-01 13:20:00+00:00,1,64800.1,66143.33,0.01992882603576234,trail/sl,2026
2026-03-01 16:00:00+00:00,2026-03-02 01:11:00+00:00,-1,66810.8,66961.33,-0.0030530788435402484,trail/sl,2026
2026-03-02 08:00:00+00:00,2026-03-03 05:47:00+00:00,1,65981.2,67997.0,0.029751126684570802,trail/sl,2026
2026-03-03 08:00:00+00:00,2026-03-03 16:05:00+00:00,-1,68138.2,68062.40000000001,0.0003124450014821107,trail/sl,2026
2026-03-04 00:00:00+00:00,2026-03-05 07:50:00+00:00,1,68295.2,71825.105,0.05088598964495307,trail/sl,2026
2026-03-05 08:00:00+00:00,2026-03-05 10:32:00+00:00,-1,72025.4,73465.908,-0.020800000000000023,trail/sl,2026
2026-03-05 16:00:00+00:00,2026-03-06 05:41:00+00:00,1,71611.7,70179.466,-0.020799999999999954,trail/sl,2026
2026-03-06 08:00:00+00:00,2026-03-06 13:55:00+00:00,1,71026.7,69606.166,-0.020799999999999996,trail/sl,2026
2026-03-06 16:00:00+00:00,2026-03-07 19:50:00+00:00,1,68468.3,67098.93400000001,-0.02079999999999992,trail/sl,2026
2026-03-08 00:00:00+00:00,2026-03-08 22:03:00+00:00,1,67232.1,66126.452,-0.0172452396994888,trail/sl,2026
2026-03-09 00:00:00+00:00,2026-03-10 21:41:00+00:00,1,65934.3,69595.657,0.0547303840338034,trail/sl,2026
2026-03-11 08:00:00+00:00,2026-03-13 16:03:00+00:00,1,69622.2,71653.9,0.028381783971204548,trail/sl,2026
2026-03-14 08:00:00+00:00,2026-03-17 10:06:00+00:00,1,70565.6,73718.93299999999,0.04388654698606664,trail/sl,2026
2026-03-17 16:00:00+00:00,2026-03-20 04:07:00+00:00,-1,73878.5,70812.5,0.04070057188491916,trail/sl,2026
2026-03-20 08:00:00+00:00,2026-03-23 11:05:00+00:00,-1,70812.0,69319.0,0.020283997062644752,trail/sl,2026
2026-03-23 16:00:00+00:00,2026-03-25 00:42:00+00:00,-1,70112.2,70951.035,-0.01276418027105135,trail/sl,2026
2026-03-25 08:00:00+00:00,2026-03-30 00:19:00+00:00,-1,70899.9,66865.746,0.056099290408025894,trail/sl,2026
2026-04-01 08:00:00+00:00,2026-04-05 15:30:00+00:00,-1,68651.9,67646.383,0.013846601186565742,trail/sl,2026
2026-04-05 16:00:00+00:00,2026-04-07 10:52:00+00:00,1,67272.2,68222.525,0.013326563424415986,trail/sl,2026
2026-04-07 16:00:00+00:00,2026-04-08 14:56:00+00:00,1,68138.5,70672.745,0.036392556337459664,trail/sl,2026
2026-04-08 16:00:00+00:00,2026-04-09 21:06:00+00:00,-1,71274.9,72540.84,-0.01856137181532352,trail/sl,2026
2026-04-10 00:00:00+00:00,2026-04-10 15:24:00+00:00,-1,71750.4,73185.408,-0.020800000000000023,trail/sl,2026
2026-04-10 16:00:00+00:00,2026-04-13 19:21:00+00:00,-1,72421.1,72571.946,-0.002882901253916199,trail/sl,2026
2026-04-14 00:00:00+00:00,2026-04-14 14:30:00+00:00,-1,74384.9,75872.598,-0.020800000000000055,trail/sl,2026
2026-04-14 16:00:00+00:00,2026-04-16 20:00:00+00:00,-1,75268.1,75454.504,-0.0032765338835442238,trail/sl,2026
2026-04-17 16:00:00+00:00,2026-04-20 17:49:00+00:00,-1,77736.2,75879.07,0.023090156709486574,trail/sl,2026
2026-04-21 08:00:00+00:00,2026-04-22 02:17:00+00:00,-1,76050.0,77021.237,-0.013571032215647517,trail/sl,2026
2026-04-22 08:00:00+00:00,2026-04-26 21:55:00+00:00,-1,77979.7,78799.73800000001,-0.01131604456031525,trail/sl,2026
